編號,屋齡,建物移轉面積平方公尺,主要用途,主要建材,建築完成日期,總層數,建物分層
The serial number,room age,building shifting area square meter,the main use,main building materials,construction completes the date,total layer,building lamination
RPUWMLSLPHPFFAB37DA,42,111.83,住商用,鋼筋混凝土造,67年3月3日,二層,一層 二層 騎樓
RPSPMLNJQHPFFAB48DA,1,59.83,見其他登記事項,鋼筋混凝土造,108年10月28日,十五層,九層
RPSPMLNJQHPFFAB48DA,1,63.34,見其他登記事項,鋼筋混凝土造,108年10月28日,十五層,
RPQPMLRKQHPFFAB78DA,47,150.75,住家用,加強磚造,62年7月5日,二層,一層 二層
RPVNMLMKQHPFFAB58DA,27,26.73,住家用,鋼筋混凝土造,82年3月12日,七層,四層
RPVNMLMKQHPFFAB58DA,27,26.73,住家用,鋼筋混凝土造,82年3月12日,七層,四層
RPVNMLMKQHPFFAB58DA,27,8.71,共有部份,鋼筋混凝土造,82年3月12日,七層,
RPVNMLMKQHPFFAB58DA,27,8.71,共有部份,鋼筋混凝土造,82年3月12日,七層,
RPRPMLNKQHPFFAB48DA,24,38.43,見其他登記事項,鋼筋混凝土造,85年5月6日,十八層,十三層
RPRPMLNKQHPFFAB48DA,24,6.60,見其他登記事項,鋼筋混凝土造,85年5月6日,十八層,
RPRPMLNKQHPFFAB48DA,24,7.43,見其他登記事項,鋼筋混凝土造,85年5月6日,十八層,
RPRPMLNKQHPFFAB48DA,24,1.78,見其他登記事項,鋼筋混凝土造,85年5月6日,十八層,
RPRPMLNKQHPFFAB48DA,24,2.63,見其他登記事項,鋼筋混凝土造,85年5月6日,十八層,
RPSPMLTLPHPFFAB56DA,26,94.03,住商用,鋼筋混凝土造,83年12月28日,十五層,一層 二層 騎樓
RPSPMLTLPHPFFAB56DA,26,39.66,共有部份,鋼筋混凝土造,83年12月28日,十五層,
RPSPMLTLPHPFFAB56DA,26,8.48,共有部份,鋼筋混凝土造,83年12月28日,十五層,
RPWNMLNKQHPFFAB78DA,44,108.88,住家用,加強磚造,65年8月2日,二層,一層 二層
RPQNMLSKQHPFFAB68DA,26,19.78,住家用,鋼筋混凝土造,83年6月6日,八層,三層
RPQNMLSKQHPFFAB68DA,26,33.27,見其他登記事項,鋼筋混凝土造,83年6月6日,八層,
RPSNMLTJQHPFFAB88DA,15,69.60,見其他登記事項,鋼筋混凝土造,94年12月23日,二十七層,十六層 十七層
RPSNMLTJQHPFFAB88DA,15,32.88,見其他登記事項,鋼筋混凝土造,94年12月23日,二十七層,
RPVNMLSKQHPFFAB56DA,24,87.37,見其他登記事項,鋼筋混凝土造,85年10月5日,十八層,七層
RPVNMLSKQHPFFAB56DA,24,14.31,見其他登記事項,鋼筋混凝土造,85年10月5日,十八層,
RPVNMLSKQHPFFAB56DA,24,.54,見其他登記事項,鋼筋混凝土造,85年10月5日,十八層,
RPVNMLSKQHPFFAB56DA,24,18.92,見其他登記事項,鋼筋混凝土造,85年10月5日,十八層,
RPVNMLSKQHPFFAB56DA,24,13.43,見其他登記事項,鋼筋混凝土造,85年10月5日,十八層,地下二層
RPOOMLSKQHPFFAB58DA,27,47.63,住家用,鋼筋混凝土造,82年11月24日,八層,四層
RPOOMLSKQHPFFAB58DA,27,33.87,見其他登記事項,鋼筋混凝土造,82年11月24日,八層,
RPPOMLSKQHPFFAB68DA,36,6.26,共有部份,鋼筋混凝土造,73年10月30日,五層,
RPPOMLSKQHPFFAB68DA,36,92.44,住家用,鋼筋混凝土造,73年10月30日,五層,五層
RPWNMLSKQHPFFAB66DA,37,100.23,見其他登記事項,鋼筋混凝土造,72年11月29日,五層,四層
RPXSMLPKPHPFFBB96DA,25,31.85,住家用,鋼筋混凝土造,84年6月14日,八層,三層
RPXSMLPKPHPFFBB96DA,25,25.40,共有部份,鋼筋混凝土造,84年6月14日,八層,
RPUPMLSKQHPFFAB66DA,40,179.39,住商用,鋼筋混凝土造,69年12月23日,五層,一層 二層 騎樓 夾層 地下層
RPVPMLTKQHPFFAB86DA,25,122.13,見其他登記事項,鋼筋混凝土造,84年9月2日,十二層,十層
RPVPMLTKQHPFFAB86DA,25,44.41,見其他登記事項,鋼筋混凝土造,84年9月2日,十二層,
RPTOMLSKQHPFFAB09DA,,46.42,住商用,鋼筋混凝土造,,四層,一層 二層
RPRPMLTKQHPFFAB09DA,26,92.12,住家用,鋼筋混凝土造,83年11月18日,十七層,二層
RPRPMLTKQHPFFAB09DA,26,21.23,共有部份,鋼筋混凝土造,83年11月18日,十七層,
RPSPMLTKQHPFFAB56DA,50,85.20,見其他登記事項,加強磚造,58年12月26日,二層,一層 二層
RPWNMLSLPHPFFBB76DA,10,87.65,住家用,鋼筋混凝土造,99年6月3日,十五層,二層
RPWNMLSLPHPFFBB76DA,10,64.24,見其他登記事項,鋼筋混凝土造,99年6月3日,十五層,
RPQVMLMLPHPFFBB98DA,26,48.62,住家用,鋼筋混凝土造,83年2月8日,十三層,六層
RPQVMLMLPHPFFBB98DA,26,16.88,共有部份,鋼筋混凝土造,83年2月8日,十三層,
RPWNMLPJQHPFFBB98DA,5,91.10,見其他登記事項,鋼筋混凝土造,104年11月23日,十五層,七層
RPWNMLPJQHPFFBB98DA,5,45.32,見其他登記事項,鋼筋混凝土造,104年11月23日,十五層,
RPWNMLPJQHPFFBB98DA,5,23.77,見其他登記事項,鋼筋混凝土造,104年11月23日,十五層,
RPTTMLRLPHPFFBB96DA,7,63.45,住家用,鋼筋混凝土造,102年7月25日,二十二層,二十層
RPTTMLRLPHPFFBB96DA,7,17.07,見其他登記事項,鋼筋混凝土造,102年7月25日,二十二層,
RPTTMLRLPHPFFBB96DA,7,13.62,見其他登記事項,鋼筋混凝土造,102年7月25日,二十二層,
RPPTMLRJQHPFFBB09DA,,34.46,住家用,磚造,,一層,一層
RPXOMLPJQHPFFBB56DA,,209.53,見其他登記事項,鋼筋混凝土造,107年5月4日,四層,一層 二層 三層 四層 見其他登記事項
RPSRNLLKQHPFFBB78DA,3,75.59,見其他登記事項,鋼筋混凝土造,106年12月8日,十二層,三層
RPSRNLLKQHPFFBB78DA,3,69.95,見其他登記事項,鋼筋混凝土造,106年12月8日,十二層,
RPSUNLLKQHPFFBB09DA,5,102.36,見其他登記事項,鋼筋混凝土造,104年8月5日,十三層,五層
RPSUNLLKQHPFFBB09DA,5,30.29,見其他登記事項,鋼筋混凝土造,104年8月5日,十三層,
RPSUNLLKQHPFFBB09DA,5,49.61,見其他登記事項,鋼筋混凝土造,104年8月5日,十三層,
RPOQMLMKQHPFFBB28DA,,118.65,見其他登記事項,鋼筋混凝土造,106年9月28日,十五層,十四層
RPOQMLMKQHPFFBB28DA,,85.29,見其他登記事項,鋼筋混凝土造,106年9月28日,十五層,
RPXQMLKMPHPFFBB09DA,21,45.44,住家用,鋼筋混凝土造,88年9月2日,十四層,十四層
RPXQMLKMPHPFFBB09DA,21,45.44,住家用,鋼筋混凝土造,88年9月2日,十四層,十四層
RPXQMLKMPHPFFBB09DA,21,6.39,共有部份,鋼筋混凝土造,88年9月2日,十四層,
RPXQMLKMPHPFFBB09DA,21,6.39,共有部份,鋼筋混凝土造,88年9月2日,十四層,
RPXQMLKMPHPFFBB09DA,21,.00,共有部份,鋼筋混凝土造,88年9月2日,十四層,
RPXQMLKMPHPFFBB09DA,21,.00,共有部份,鋼筋混凝土造,88年9月2日,十四層,
RPXQMLKMPHPFFBB09DA,21,9.29,共有部份,鋼筋混凝土造,88年9月2日,十四層,
RPXQMLKMPHPFFBB09DA,21,9.29,共有部份,鋼筋混凝土造,88年9月2日,十四層,
RPWPMLNKQHPFFBB09DA,21,64.26,見其他登記事項,鋼筋混凝土造,88年8月16日,十四層,二層
RPWPMLNKQHPFFBB09DA,21,70.44,見其他登記事項,鋼筋混凝土造,88年8月16日,十四層,五層
RPWPMLNKQHPFFBB09DA,21,57.64,共有部份,鋼筋混凝土造,88年8月16日,十四層,
RPWPMLNKQHPFFBB09DA,21,62.59,共有部份,鋼筋混凝土造,88年8月16日,十四層,
RPXQMLNKQHPFFBB66DA,3,65.32,見其他登記事項,鋼筋混凝土造,106年4月20日,二十八層,十層
RPXQMLNKQHPFFBB66DA,3,22.92,見其他登記事項,鋼筋混凝土造,106年4月20日,二十八層,
RPXQMLNKQHPFFBB66DA,3,50.07,見其他登記事項,鋼筋混凝土造,106年4月20日,二十八層,
RPPQMLNKQHPFFBB48DA,4,144.57,見其他登記事項,鋼筋混凝土造,105年7月17日,二十八層,二十二層
RPPQMLNKQHPFFBB48DA,4,96.26,見其他登記事項,鋼筋混凝土造,105年7月17日,二十八層,
RPTQMLNKQHPFFBB88DA,,82.47,住家用,鋼筋混凝土造,102年6月9日,十二層,十二層
RPTQMLNKQHPFFBB88DA,,75.06,見其他登記事項,鋼筋混凝土造,102年6月9日,十二層,
RPTQMLRKQHPFFBB66DA,27,1.40,住家用,鋼筋混凝土造,82年11月30日,十五層,地下層
RPTQMLRKQHPFFBB66DA,27,101.66,住家用,鋼筋混凝土造,82年11月30日,十五層,四層
RPTQMLRKQHPFFBB66DA,27,14.29,共有部份,鋼筋混凝土造,82年11月30日,十五層,
RPTQMLRKQHPFFBB66DA,27,8.60,共有部份,鋼筋混凝土造,82年11月30日,十五層,
RPRNMLQKQHPFFBB68DA,25,.60,商業用,鋼筋混凝土造,84年5月19日,十二層,地下二層
RPRNMLQKQHPFFBB68DA,25,26.67,住家用,鋼筋混凝土造,84年5月19日,十二層,十層
RPRNMLQKQHPFFBB68DA,25,.00,共有部份,鋼筋混凝土造,84年5月19日,十二層,
RPRNMLQKQHPFFBB68DA,25,9.38,共有部份,鋼筋混凝土造,84年5月19日,十二層,
RPRNMLQKQHPFFBB68DA,25,13.91,共有部份,鋼筋混凝土造,84年5月19日,十二層,
RPRNMLQKQHPFFBB68DA,25,2.04,共有部份,鋼筋混凝土造,84年5月19日,十二層,
RPPSMLRKQHPFFBB09DA,3,81.65,見其他登記事項,鋼筋混凝土造,106年12月25日,十一層,十一層
RPPSMLRKQHPFFBB09DA,3,108.74,見其他登記事項,鋼筋混凝土造,106年12月25日,十一層,
RPQRMLRKQHPFFBB09DA,36,30.89,住家用,鋼筋混凝土造,73年8月30日,七層,五層
RPQRMLRKQHPFFBB09DA,36,4.10,共有部份,鋼筋混凝土造,73年8月30日,七層,
RPTOMLSKQHPFFBB56DA,28,75.45,住家用,鋼筋混凝土造,81年3月21日,五層,三層
RPTOMLSKQHPFFBB56DA,28,17.58,共有部份,鋼筋混凝土造,81年3月21日,五層,
RPOSMLRKQHPFFBB98DA,2,88.43,見其他登記事項,鋼筋混凝土造,107年8月1日,二十三層,十三層
RPOSMLRKQHPFFBB98DA,2,48.40,見其他登記事項,鋼筋混凝土造,107年8月1日,二十三層,
RPOSMLRKQHPFFBB98DA,2,32.54,見其他登記事項,鋼筋混凝土造,107年8月1日,二十三層,
RPUOMLSKQHPFFBB66DA,15,79.44,住家用,見其他登記事項,94年2月1日,十五層,十層
RPUOMLSKQHPFFBB66DA,15,57.04,共有部份,見其他登記事項,94年2月1日,十五層,
RPUSMLSKQHPFFBB07DA,41,60.80,住家用,鋼筋混凝土造,68年11月14日,五層,二層
RPXOMLSKQHPFFBB96DA,13,47.03,住家用,鋼筋混凝土造,96年12月31日,十四層,九層
RPXOMLSKQHPFFBB96DA,13,35.46,共有部份,鋼筋混凝土造,96年12月31日,十四層,
RPPNMLTKQHPFFBB78DA,42,63.40,住家用,鋼筋混凝土造,68年1月9日,八層,七層
RPUQMLSKQHPFFBB86DA,16,54.58,見其他登記事項,見其他登記事項,93年3月25日,九層,九層
RPUQMLSKQHPFFBB86DA,16,22.53,共有部份,見其他登記事項,93年3月25日,九層,
RPTNMLTKQHPFFBB56DA,24,140.19,住家用,鋼筋混凝土造,85年8月12日,二十二層,四層
RPTNMLTKQHPFFBB56DA,24,24.98,共有部份,鋼筋混凝土造,85年8月12日,二十二層,
RPTNMLTKQHPFFBB56DA,24,2.07,共有部份,鋼筋混凝土造,85年8月12日,二十二層,
RPTNMLTKQHPFFBB56DA,24,1.49,共有部份,鋼筋混凝土造,85年8月12日,二十二層,
RPTNMLTKQHPFFBB56DA,24,12.63,共有部份,鋼筋混凝土造,85年8月12日,二十二層,
RPROMLTKQHPFFBB09DA,26,28.74,住家用,鋼筋混凝土造,83年6月28日,十一層,十一層
RPROMLTKQHPFFBB09DA,26,9.21,共有部份,鋼筋混凝土造,83年6月28日,十一層,
RPXOMLTKQHPFFBB07DA,4,102.02,見其他登記事項,鋼筋混凝土造,105年6月2日,十四層,十層
RPXOMLTKQHPFFBB07DA,4,47.27,見其他登記事項,鋼筋混凝土造,105年6月2日,十四層,
RPXOMLTKQHPFFBB07DA,4,25.35,見其他登記事項,鋼筋混凝土造,105年6月2日,十四層,
RPWQMLTKQHPFFBB17DA,46,101.86,住家用,鋼筋混凝土加強磚造,63年11月27日,二層,一層 二層 騎樓
RPWPMLTKQHPFFBB07DA,42,109.62,住商用,加強磚造,67年9月27日,二層,一層 二層 騎樓
RPQPMLTKQHPFFBB09DA,30,118.80,住商用,加強磚造,79年9月8日,二層,一層 二層 騎樓
RPTPMLTKQHPFFBB76DA,26,28.20,住家用,鋼筋混凝土造,83年5月12日,十二層,六層
RPTPMLTKQHPFFBB76DA,26,4.86,共有部份,鋼筋混凝土造,83年5月12日,十二層,
RPTPMLTKQHPFFBB76DA,26,2.52,共有部份,鋼筋混凝土造,83年5月12日,十二層,
RPSQMLTKQHPFFBB76DA,5,81.59,見其他登記事項,鋼筋混凝土造,104年4月23日,二十二層,十五層
RPSQMLTKQHPFFBB76DA,5,43.66,見其他登記事項,鋼筋混凝土造,104年4月23日,二十二層,
RPSQMLTKQHPFFBB76DA,5,19.35,見其他登記事項,鋼筋混凝土造,104年4月23日,二十二層,
RPSROLKLPHPFFCB88DA,24,167.33,住家用,鋼筋混凝土造,85年2月5日,五層,一層 二層 三層 四層 五層
RPSROLKLPHPFFCB88DA,24,38.09,共有部份,鋼筋混凝土造,85年2月5日,五層,
RPTTMLMLPHPFFCB56DA,11,214.50,住家用,鋼骨鋼筋混凝土造,98年11月13日,二十二層,十九層
RPTTMLMLPHPFFCB56DA,11,163.05,見其他登記事項,鋼骨鋼筋混凝土造,98年11月13日,二十二層,
RPSQMLLMPHPFFCB78DA,37,12.49,見其他登記事項,鋼筋混凝土造,72年5月11日,五層,
RPSQMLLMPHPFFCB78DA,37,105.19,住家用,鋼筋混凝土造,72年5月11日,五層,五層
RPPQMLNLPHPFFCB58DA,7,1.77,見其他登記事項,鋼筋混凝土造,102年6月3日,二十四層,二層
RPPQMLNLPHPFFCB58DA,7,2.30,見其他登記事項,鋼筋混凝土造,102年6月3日,二十四層,二層
RPPQMLNLPHPFFCB58DA,7,141.82,住家用,鋼筋混凝土造,102年6月3日,二十四層,十三層
RPPQMLNLPHPFFCB58DA,7,.00,見其他登記事項,鋼筋混凝土造,102年6月3日,二十四層,
RPPQMLNLPHPFFCB58DA,7,.00,見其他登記事項,鋼筋混凝土造,102年6月3日,二十四層,
RPPQMLNLPHPFFCB58DA,7,66.92,見其他登記事項,鋼筋混凝土造,102年6月3日,二十四層,
RPPQMLNLPHPFFCB58DA,7,36.47,見其他登記事項,鋼筋混凝土造,102年6月3日,二十四層,
RPTNNLQJQHPFFCB98DA,36,88.83,住家用,鋼筋混凝土造,73年10月4日,五層,五層
RPROMLOJQHPFFCB58DA,11,114.94,住家用,鋼筋混凝土造,98年3月30日,十五層,四層
RPROMLOJQHPFFCB58DA,11,35.08,見其他登記事項,鋼筋混凝土造,98年3月30日,十五層,
RPROMLOJQHPFFCB58DA,11,42.85,見其他登記事項,鋼筋混凝土造,98年3月30日,十五層,
RPPONLTJQHPFFCB98DA,29,112.17,住家用,鋼筋混凝土造,81年1月15日,十一層,五層
RPPONLTJQHPFFCB98DA,29,31.22,共有部份,鋼筋混凝土造,81年1月15日,十一層,
RPTVMLPJQHPFFCB96DA,24,68.33,住家用,鋼筋混凝土造,85年12月30日,五層,五層
RPTVMLPJQHPFFCB96DA,24,12.44,共有部份,鋼筋混凝土造,85年12月30日,五層,
RPTVMLPJQHPFFCB96DA,24,5.54,共有部份,鋼筋混凝土造,85年12月30日,五層,
RPRUMLKKQHPFFCB88DA,30,196.47,住家用,鋼筋混凝土造,79年7月20日,四層,一層 二層 三層 四層
RPRUMLKKQHPFFCB88DA,30,68.22,住家用,鋼筋混凝土造,79年7月20日,四層,地下層
SPXPMLOKQHPFFCB86DA,27,24.38,商業用,鋼筋混凝土造,82年5月31日,九層,四層
SPXPMLOKQHPFFCB86DA,27,11.32,共有部份,鋼筋混凝土造,82年5月31日,九層,
RPXPMLOKQHPFFCB76DA,27,22.23,商業用,鋼筋混凝土造,82年5月31日,九層,四層
RPXPMLOKQHPFFCB76DA,27,11.32,共有部份,鋼筋混凝土造,82年5月31日,九層,
RPVSMLKKQHPFFCB09DA,24,.11,見其他登記事項,鋼筋混凝土造,85年9月23日,十二層,一層
RPVSMLKKQHPFFCB09DA,24,105.76,見其他登記事項,鋼筋混凝土造,85年9月23日,十二層,一層
RPVSMLKKQHPFFCB09DA,24,.06,共有部份,鋼筋混凝土造,85年9月23日,十二層,
RPVSMLKKQHPFFCB09DA,24,48.90,共有部份,鋼筋混凝土造,85年9月23日,十二層,
RPSRMLOKQHPFFCB09DA,24,95.85,住家用,鋼筋混凝土造,85年11月23日,七層,七層
RPSRMLOKQHPFFCB09DA,24,45.38,共有部份,鋼筋混凝土造,85年11月23日,七層,
RPQSMLOKQHPFFCB98DA,27,112.08,住家用,鋼筋混凝土造,82年11月19日,十四層,八層
RPQSMLOKQHPFFCB98DA,27,33.29,共有部份,鋼筋混凝土造,82年11月19日,十四層,
RPVNMLSKQHPFFCB76DA,,86.06,見其他登記事項,鋼筋混凝土造,109年3月22日,十五層,二層
RPVNMLSKQHPFFCB76DA,,78.55,見其他登記事項,鋼筋混凝土造,109年3月22日,十五層,
RPRQMLRKQHPFFCB56DA,11,54.78,住家用,鋼筋混凝土造,99年1月20日,十五層,十一層
RPRQMLRKQHPFFCB56DA,11,54.78,住家用,鋼筋混凝土造,99年1月20日,十五層,十一層
RPRQMLRKQHPFFCB56DA,11,37.54,見其他登記事項,鋼筋混凝土造,99年1月20日,十五層,
RPRQMLRKQHPFFCB56DA,11,37.54,見其他登記事項,鋼筋混凝土造,99年1月20日,十五層,
RPUNMLSKQHPFFCB66DA,27,15.48,住家用,鋼筋混凝土造,82年6月16日,六層,三層
RPUNMLSKQHPFFCB66DA,27,8.36,共有部份,鋼筋混凝土造,82年6月16日,六層,
RPQOMLSKQHPFFCB98DA,26,23.53,住家用,鋼筋混凝土造,83年4月6日,十六層,十六層
RPQOMLSKQHPFFCB98DA,26,23.53,住家用,鋼筋混凝土造,83年4月6日,十六層,十六層
RPQOMLSKQHPFFCB98DA,26,23.53,住家用,鋼筋混凝土造,83年4月6日,十六層,十六層
RPQOMLSKQHPFFCB98DA,26,3.75,共有部份,鋼筋混凝土造,83年4月6日,十六層,
RPQOMLSKQHPFFCB98DA,26,3.75,共有部份,鋼筋混凝土造,83年4月6日,十六層,
RPQOMLSKQHPFFCB98DA,26,3.75,共有部份,鋼筋混凝土造,83年4月6日,十六層,
RPPPMLSKQHPFFCB98DA,5,392.59,見其他登記事項,鋼骨鋼筋混凝土造,104年10月30日,三十層,二十四層
RPPPMLSKQHPFFCB98DA,5,140.39,見其他登記事項,鋼骨鋼筋混凝土造,104年10月30日,三十層,
RPPPMLSKQHPFFCB98DA,5,199.91,見其他登記事項,鋼骨鋼筋混凝土造,104年10月30日,三十層,
RPOPMLRKQHPFFCB78DA,6,188.39,住家用,鋼骨鋼筋混凝土造,103年1月24日,二十九層,二十七層
RPOPMLRKQHPFFCB78DA,6,43.79,見其他登記事項,鋼骨鋼筋混凝土造,103年1月24日,二十九層,
RPOPMLRKQHPFFCB78DA,6,95.43,見其他登記事項,鋼骨鋼筋混凝土造,103年1月24日,二十九層,
RPSRMLSKQHPFFCB86DA,26,85.07,住家用,鋼筋混凝土造,83年5月23日,十二層,十二層
RPSRMLSKQHPFFCB86DA,26,20.34,共有部份,鋼筋混凝土造,83年5月23日,十二層,
RPUTMLSKQHPFFCB27DA,25,16.55,住家用,鋼筋混凝土造,84年2月20日,十三層,六層
RPUTMLSKQHPFFCB27DA,25,3.93,共有部份,鋼筋混凝土造,84年2月20日,十三層,
RPUTMLSKQHPFFCB27DA,25,3.00,見其他登記事項,鋼筋混凝土造,84年2月20日,十三層,
RPPRMLSKQHPFFCB56DA,26,124.35,住家用,鋼筋混凝土造,83年5月26日,二十三層,十層
RPPRMLSKQHPFFCB56DA,26,35.65,共有部份,鋼筋混凝土造,83年6月11日,二十三層,
RPROMLTKQHPFFCB56DA,48,90.46,住家用,見其他登記事項,61年5月10日,二層,一層 二層
RPTSMLOKQHPFFCB66DA,23,170.90,住家用,鋼筋混凝土造,86年11月4日,四層,一層 二層 三層 四層
RPTSMLOKQHPFFCB66DA,23,36.84,共有部份,鋼筋混凝土造,86年11月4日,五層,
RPWTMLSKQHPFFCB47DA,31,16.64,住家用,鋼筋混凝土造,78年2月24日,五層,二層
RPWTMLSKQHPFFCB47DA,31,21.32,住家用,鋼筋混凝土造,78年2月24日,五層,二層
RPWTMLSKQHPFFCB47DA,31,21.45,住家用,鋼筋混凝土造,78年2月24日,五層,二層
RPWTMLSKQHPFFCB47DA,31,21.45,住家用,鋼筋混凝土造,78年2月24日,五層,二層
RPWTMLSKQHPFFCB47DA,31,9.11,共有部份,鋼筋混凝土造,78年2月24日,五層,
RPWTMLSKQHPFFCB47DA,31,9.11,共有部份,鋼筋混凝土造,78年2月24日,五層,
RPWTMLSKQHPFFCB47DA,31,9.11,共有部份,鋼筋混凝土造,78年2月24日,五層,
RPWTMLSKQHPFFCB47DA,31,9.11,共有部份,鋼筋混凝土造,78年2月24日,五層,
RPWPMLTKQHPFFCB17DA,4,321.83,見其他登記事項,鋼筋混凝土造,105年2月1日,五層,一層 二層 三層 四層 五層 地下一層 見其他登記事項
RPWPMLTKQHPFFCB17DA,4,126.53,見其他登記事項,鋼筋混凝土造,105年2月1日,五層,
RPRUMLTKQHPFFCB17DA,27,69.69,共有部份,鋼筋混凝土造,82年10月21日,十一層,
RPRUMLTKQHPFFCB17DA,27,408.63,商業用,鋼筋混凝土造,82年10月21日,十一層,八層
RPSOMLTKQHPFFCB66DA,1,54.36,見其他登記事項,鋼筋混凝土造,108年11月14日,十二層,九層
RPSOMLTKQHPFFCB66DA,1,62.19,見其他登記事項,鋼筋混凝土造,108年11月14日,十二層,
RPPRMLTKQHPFFCB66DA,26,14.08,住家用,鋼筋混凝土造,83年9月30日,十二層,十二層
RPPRMLTKQHPFFCB66DA,26,7.07,共有部份,鋼筋混凝土造,83年9月30日,十二層,
RPWUMLTKQHPFFCB67DA,9,130.17,住家用,鋼筋混凝土造,100年8月22日,十二層,七層
RPWUMLTKQHPFFCB67DA,9,102.42,見其他登記事項,鋼筋混凝土造,100年8月22日,十二層,
RPWUMLTKQHPFFCB67DA,9,26.52,見其他登記事項,鋼筋混凝土造,100年8月22日,十二層,
RPXOMLNKQHPFFDB66DA,27,73.68,住家用,鋼筋混凝土造,82年5月19日,六層,五層
RPXOMLNKQHPFFDB66DA,27,32.09,共有部份,鋼筋混凝土造,82年5月19日,六層,
RPQNMLRKQHPFFDB88DA,23,114.81,住商用,鋼筋混凝土造,86年10月16日,七層,一層 二層 騎樓
RPQNMLRKQHPFFDB88DA,23,17.22,停車空間,鋼筋混凝土造,86年10月16日,七層,
RPQNMLRKQHPFFDB88DA,23,19.41,共有部份,鋼筋混凝土造,86年10月16日,七層,
RPPPMLMKQHPFFDB48DA,1,187.66,見其他登記事項,鋼筋混凝土造,108年8月6日,三層,一層 二層 三層 騎樓 見其他登記事項
RPTNMLSKQHPFFDB66DA,28,8.26,共有部份,鋼筋混凝土造,81年2月8日,十六層,
RPTNMLSKQHPFFDB66DA,28,8.73,共有部份,鋼筋混凝土造,81年2月8日,十六層,
RPTNMLSKQHPFFDB66DA,27,.41,見其他登記事項,鋼筋混凝土造,82年2月8日,十六層,地下層
RPTNMLSKQHPFFDB66DA,27,11.06,共有部份,鋼筋混凝土造,82年2月8日,十六層,
RPTNMLSKQHPFFDB66DA,27,78.14,見其他登記事項,鋼筋混凝土造,82年2月8日,十六層,十二層
RPVNMLNLPHPFFFB56DA,,147.89,見其他登記事項,鋼筋混凝土造,109年3月12日,四層,一層 二層 三層 四層
RPVNMLNLPHPFFFB56DA,,.14,見其他登記事項,鋼筋混凝土造,109年3月12日,一層,
RPRNMLSKQHPFFGB76DA,39,103.74,住家用,加強磚造,70年1月28日,二層,一層 二層 騎樓
RPSOMLSLPHPFFHB07DA,34,150.58,住家用,見其他登記事項,75年12月4日,三層,一層 二層 三層 見其他登記事項
RPXOMLSLPHPFFHB57DA,8,.68,見其他登記事項,鋼筋混凝土造,101年4月25日,一層,一層
RPXOMLSLPHPFFHB57DA,8,178.20,見其他登記事項,鋼筋混凝土造,101年5月28日,三層,一層 二層 三層 見其他登記事項
RPRNMLRKQHPFFHB76DA,38,94.91,住商用,加強磚造,71年4月30日,二層,一層 二層 騎樓 見其他登記事項
RPOOMLSKQHPFFHB66DA,41,113.27,住商用,加強磚造,68年11月2日,二層,一層 二層 騎樓 見其他登記事項
RPXNMLNKQHPFFHB96DA,19,173.35,見其他登記事項,鋼筋混凝土造,90年11月1日,三層,一層 二層 三層 見其他登記事項
RPQOMLSKQHPFFHB86DA,24,86.15,住家用,鋼筋混凝土造,84年10月4日,七層,七層
RPQOMLSKQHPFFHB86DA,24,31.39,共有部份,鋼筋混凝土造,84年10月4日,七層,
RPOOMLMLPHPFFIB78DA,18,123.58,住家用,鋼筋混凝土造,91年1月15日,四層,一層 二層 三層 四層
RPOOMLMLPHPFFIB78DA,18,123.58,住家用,鋼筋混凝土造,91年1月15日,四層,一層 二層 三層 四層
RPWUMLOJQHPFFIB67DA,41,81.47,住家用,鋼筋混凝土造,68年9月1日,四層,二層
RPWUMLOJQHPFFIB67DA,41,9.53,共有部份,鋼筋混凝土造,68年9月1日,四層,
RPXNMLTKQHPFFIB67DA,3,69.84,見其他登記事項,鋼筋混凝土造,106年12月25日,七層,四層
RPXNMLTKQHPFFIB67DA,3,61.46,見其他登記事項,鋼筋混凝土造,106年12月25日,七層,
RPSPMLOLPHPFFIB86DA,,186.83,見其他登記事項,鋼筋混凝土造,109年6月10日,三層,一層 二層 三層 見其他登記事項
RPSOMLOLPHPFFIB76DA,,140.70,見其他登記事項,鋼筋混凝土造,109年6月10日,三層,一層 二層 三層 見其他登記事項
RPUNMLMKQHPFFJB76DA,4,114.74,見其他登記事項,鋼筋混凝土造,105年11月14日,十五層,二層
RPUNMLMKQHPFFJB76DA,4,83.52,見其他登記事項,鋼筋混凝土造,105年11月14日,十五層,
RPSOMLNKQHPFFJB76DA,5,213.97,見其他登記事項,鋼筋混凝土造,104年7月10日,三層,一層 二層 三層 見其他登記事項
RPSOMLNKQHPFFJB76DA,5,.18,見其他登記事項,鋼筋混凝土造,104年7月11日,一層,一層
RPSNMLSKQHPFFJB17DA,7,115.16,見其他登記事項,鋼筋混凝土造,102年7月31日,十四層,十層
RPSNMLSKQHPFFJB17DA,7,90.93,見其他登記事項,鋼筋混凝土造,102年7月31日,十四層,
RPTOMLMKQHPFFJB76DA,24,75.09,見其他登記事項,鋼筋混凝土造,85年2月9日,七層,二層
RPTOMLMKQHPFFJB76DA,24,30.50,共有部份,鋼筋混凝土造,85年2月9日,七層,
RPPOMLMKQHPFFJB98DA,,87.07,見其他登記事項,鋼筋混凝土造,109年4月7日,十八層,九層
RPPOMLMKQHPFFJB98DA,,88.00,見其他登記事項,鋼筋混凝土造,109年4月7日,十八層,十二層
RPPOMLMKQHPFFJB98DA,,93.89,見其他登記事項,鋼筋混凝土造,109年4月7日,十八層,
RPPOMLMKQHPFFJB98DA,,77.25,見其他登記事項,鋼筋混凝土造,109年4月7日,十八層,
RPSNMLRKQHPFFKB17DA,47,216.23,住商用,加強磚造,62年9月1日,三層,一層 二層 三層 騎樓
RPXNMLSKQHPFFKB77DA,2,89.42,見其他登記事項,鋼筋混凝土造,107年10月17日,十層,十層
RPXNMLSKQHPFFKB77DA,2,65.90,見其他登記事項,鋼筋混凝土造,107年10月17日,十層,
RPVOMLSKQHPFFKB67DA,39,108.87,住商用,加強磚造,69年12月30日,二層,一層 二層 騎樓
RPVNMLTKQHPFFKB67DA,,55.50,住家用,鋼筋混凝土造,69年12月0日,四層,三層 電梯樓梯間
RPUOMLSKQHPFFAB66EA,28,21.15,住家用,鋼筋混凝土造,81年3月26日,七層,七層
RPUOMLSKQHPFFAB66EA,28,7.78,共有部份,鋼筋混凝土造,81年3月26日,七層,
RPOPMLSKQHPFFBB88EA,27,82.28,住家用,鋼筋混凝土造,82年12月20日,九層,六層
RPOPMLSKQHPFFBB88EA,27,36.41,共有部份,鋼筋混凝土造,82年12月20日,九層,
RPWPMLTKQHPFFAB07EA,25,98.57,住家用,鋼筋混凝土造,84年3月15日,二十二層,二十層
RPWPMLTKQHPFFAB07EA,25,31.94,見其他登記事項,鋼筋混凝土造,84年3月15日,二十二層,
RPUPMLSKQHPFFBB86EA,34,106.95,住家用,鋼筋混凝土造,75年10月1日,五層,五層
RPOQMLSKQHPFFBB98EA,1,260.44,見其他登記事項,鋼筋混凝土造,108年10月20日,四層,一層 二層 三層 四層
RPVRMLTKQHPFFBB27EA,13,48.99,住家用,鋼筋混凝土造,96年12月31日,十四層,十三層
RPVRMLTKQHPFFBB27EA,13,23.09,共有部份,鋼筋混凝土造,96年12月31日,十四層,
RPQQMLTKQHPFFBB66EA,4,135.42,見其他登記事項,鋼筋混凝土造,105年1月22日,二十層,四層
RPQQMLTKQHPFFBB66EA,4,91.19,見其他登記事項,鋼筋混凝土造,105年1月22日,二十層,
RPRRMLSKQHPFFCB86EA,3,241.75,見其他登記事項,鋼骨鋼筋混凝土造,106年4月24日,二十八層,二十四層
RPRRMLSKQHPFFCB86EA,3,4.84,見其他登記事項,鋼骨鋼筋混凝土造,106年4月24日,二十八層,
RPRRMLSKQHPFFCB86EA,3,101.80,見其他登記事項,鋼骨鋼筋混凝土造,106年4月24日,二十八層,
RPRRMLSKQHPFFCB86EA,3,105.92,見其他登記事項,鋼骨鋼筋混凝土造,106年4月24日,二十八層,
RPSSMLSKQHPFFCB07EA,14,77.99,住家用,鋼筋混凝土造,95年11月13日,二十八層,七層
RPSSMLSKQHPFFCB07EA,14,66.78,見其他登記事項,鋼筋混凝土造,95年11月13日,二十八層,
RPVSMLTKQHPFFCB47EA,10,53.12,住家用,鋼筋混凝土造,99年1月12日,二十六層,十二層
RPVSMLTKQHPFFCB47EA,10,25.10,見其他登記事項,鋼筋混凝土造,99年1月12日,二十六層,
RPUSMLTKQHPFFCB37EA,26,.05,見其他登記事項,鋼筋混凝土造,83年7月7日,十三層,一層
RPUSMLTKQHPFFCB37EA,26,119.85,住家用,鋼筋混凝土造,83年7月7日,十三層,八層
RPUSMLTKQHPFFCB37EA,26,5.38,共有部份,鋼筋混凝土造,83年7月7日,十三層,
RPUSMLTKQHPFFCB37EA,26,15.21,共有部份,鋼筋混凝土造,83年7月7日,十三層,
RPUSMLTKQHPFFCB37EA,26,16.99,共有部份,鋼筋混凝土造,83年7月7日,十三層,
RPXSMLTKQHPFFCB67EA,17,71.82,住家用,鋼筋混凝土造,92年7月31日,十三層,五層
RPXSMLTKQHPFFCB67EA,17,24.91,共有部份,鋼筋混凝土造,92年7月31日,十三層,
RPPOMLTKQHPFFDB56EA,3,64.47,見其他登記事項,鋼筋混凝土造,106年8月16日,十二層,七層
RPPOMLTKQHPFFDB56EA,3,33.37,見其他登記事項,鋼筋混凝土造,106年8月16日,十二層,
RPPOMLTKQHPFFDB56EA,3,9.80,見其他登記事項,鋼筋混凝土造,106年8月16日,十二層,
RPWSMLTKQHPFFCB57EA,23,.05,見其他登記事項,鋼筋混凝土造,85年12月14日,十四層,一層
RPWSMLTKQHPFFCB57EA,23,112.95,住家用,鋼筋混凝土造,85年12月14日,十四層,八層
RPWSMLTKQHPFFCB57EA,23,37.34,共有部份,鋼筋混凝土造,85年12月14日,十四層,
RPWSMLTKQHPFFCB57EA,23,14.25,共有部份,鋼筋混凝土造,85年12月14日,十四層,
RPXPMLSKQHPFFCB27EA,26,.91,商業用,鋼筋混凝土造,83年5月23日,十二層,地下一層
RPXPMLSKQHPFFCB27EA,26,83.68,住家用,鋼筋混凝土造,83年5月23日,十二層,三層
RPXPMLSKQHPFFCB27EA,26,16.36,共有部份,鋼筋混凝土造,83年5月23日,十二層,
RPXPMLSKQHPFFCB27EA,26,24.30,共有部份,鋼筋混凝土造,83年5月23日,十二層,
RPRNMLKLQHPFFJB09EA,,115.59,見其他登記事項,鋼筋混凝土造,109年3月24日,十五層,八層
RPRNMLKLQHPFFJB09EA,,122.52,見其他登記事項,鋼筋混凝土造,109年3月24日,十五層,
RPSNMLKLQHPFFJB56EA,,84.64,見其他登記事項,鋼筋混凝土造,109年3月24日,十五層,三層
RPSNMLKLQHPFFJB56EA,,73.88,見其他登記事項,鋼筋混凝土造,109年3月24日,十五層,
RPRNMLTKQHPFFJB27EA,30,36.51,見其他登記事項,鋼筋混凝土造,79年7月2日,五層,地下層
RPRNMLTKQHPFFJB27EA,30,2.45,共有部份,鋼筋混凝土造,79年7月2日,五層,
RPRNMLTKQHPFFJB27EA,30,.03,共有部份,鋼筋混凝土造,79年7月2日,五層,
RPRNMLTKQHPFFJB27EA,30,110.09,見其他登記事項,鋼筋混凝土造,79年7月2日,五層,三層
RPVNMLKLQHPFFJB86EA,,84.64,見其他登記事項,鋼筋混凝土造,109年3月24日,十五層,十五層
RPVNMLKLQHPFFJB86EA,,73.88,見其他登記事項,鋼筋混凝土造,109年3月24日,十五層,
RPTNMLKLQHPFFJB66EA,,82.78,見其他登記事項,鋼筋混凝土造,109年3月24日,十五層,十五層
RPTNMLKLQHPFFJB66EA,,72.95,見其他登記事項,鋼筋混凝土造,109年3月24日,十五層,
RPUNMLKLQHPFFJB76EA,,55.92,見其他登記事項,鋼筋混凝土造,109年3月24日,十五層,十三層
RPUNMLKLQHPFFJB76EA,,55.92,見其他登記事項,鋼筋混凝土造,109年3月24日,十五層,十三層
RPUNMLKLQHPFFJB76EA,,60.32,見其他登記事項,鋼筋混凝土造,109年3月24日,十五層,
RPUNMLKLQHPFFJB76EA,,60.32,見其他登記事項,鋼筋混凝土造,109年3月24日,十五層,
RPPNMLRKPHPFFDB68DA,48,81.00,住家用,加強磚造,61年1月15日,二層,一層 二層
RPOOMLTKQHPFFDB09EA,23,98.73,住家用,鋼筋混凝土造,86年7月1日,十一層,五層
RPOOMLTKQHPFFDB09EA,23,32.38,共有部份,鋼筋混凝土造,86年7月1日,十一層,
RPTQMLRJPHPFFDB66DA,32,157.35,住商用,加強磚造,77年6月3日,二層,一層 二層 地下層 見其他登記事項
RPUOMLOJQHPFFDB98DA,,75.86,見其他登記事項,鋼筋混凝土造,109年4月14日,三層,一層 二層 三層 見其他登記事項
RPUOMLOJQHPFFDB98DA,,75.86,見其他登記事項,鋼筋混凝土造,109年4月14日,三層,一層 二層 三層 見其他登記事項
RPQNMLKLQHPFFEB38DA,27,94.38,住商用,鋼筋混凝土造,82年4月6日,四層,一層 二層 三層 四層 騎樓
RPQNMLKLQHPFFEB38DA,27,94.38,住商用,鋼筋混凝土造,82年4月6日,四層,一層 二層 三層 四層 騎樓
RPOOMLNKQHPFFHB78DA,6,61.70,見其他登記事項,鋼筋混凝土造,103年12月22日,十六層,十六層
RPOOMLNKQHPFFHB78DA,6,19.58,見其他登記事項,鋼筋混凝土造,103年12月22日,十六層,
RPOOMLNKQHPFFHB78DA,6,8.53,見其他登記事項,鋼筋混凝土造,103年12月22日,十六層,
RPWNMLKLQHPFFHB66DA,6,74.63,見其他登記事項,鋼筋混凝土造,103年2月24日,十二層,九層
RPWNMLKLQHPFFHB66DA,6,19.20,見其他登記事項,鋼筋混凝土造,103年2月24日,十二層,
RPWNMLKLQHPFFHB66DA,6,40.23,見其他登記事項,鋼筋混凝土造,103年2月24日,十二層,
RPWNMLOLPHPFFHB96DA,,184.29,見其他登記事項,鋼筋混凝土造,109年3月25日,三層,一層 二層 三層 見其他登記事項
RPTOMLSKQHPFFHB17DA,26,47.94,住家用,鋼筋混凝土造,83年8月6日,八層,二層
RPTOMLSKQHPFFHB17DA,26,47.94,住家用,鋼筋混凝土造,83年8月6日,八層,二層
RPTOMLSKQHPFFHB17DA,26,18.45,共有部份,鋼筋混凝土造,83年8月6日,八層,
RPTOMLSKQHPFFHB17DA,26,18.45,共有部份,鋼筋混凝土造,83年8月6日,八層,
RPPNMLKLQHPFFCB08DA,38,87.46,住家用,鋼筋混凝土造,71年10月29日,五層,一層
RPPNMLKLQHPFFCB08DA,38,8.66,見其他登記事項,鋼筋混凝土造,71年10月29日,五層,
RPXUMLTKQHPFFCB77DA,34,188.22,住家用,鋼筋混凝土造,75年6月25日,三層,一層 二層 三層
RPXUMLTKQHPFFCB77DA,34,101.37,共有部份,鋼筋混凝土造,75年6月25日,五層,
RPXQMLTKQHPFFCB37DA,5,148.38,見其他登記事項,鋼筋混凝土造,104年3月19日,十五層,十五層
RPXQMLTKQHPFFCB37DA,5,40.62,見其他登記事項,鋼筋混凝土造,104年3月19日,十五層,
RPXQMLTKQHPFFCB37DA,5,99.11,見其他登記事項,鋼筋混凝土造,104年3月19日,十五層,
RPTQMLTKQHPFFCB96DA,24,17.54,共有部份,鋼筋混凝土造,85年6月11日,十二層,
RPTQMLTKQHPFFCB96DA,24,17.54,共有部份,鋼筋混凝土造,85年6月11日,十二層,
RPTQMLTKQHPFFCB96DA,24,42.52,住家用,鋼筋混凝土造,85年6月11日,十二層,三層
RPTQMLTKQHPFFCB96DA,24,42.52,住家用,鋼筋混凝土造,85年6月11日,十二層,三層
RPWOMLTKQHPFFCB07DA,35,84.38,住家用,鋼筋混凝土造,75年1月17日,五層,三層
RPWOMLTKQHPFFCB07DA,35,5.20,共有部份,鋼筋混凝土造,75年1月17日,五層,
RPTTMLSKQHPFFCB17DA,32,77.01,住家用,鋼筋混凝土造,77年8月25日,五層,二層
RPTTMLSKQHPFFCB17DA,32,10.03,共有部份,鋼筋混凝土造,77年8月25日,五層,
RPOOMLTKQHPFFCB88DA,11,68.22,住家用,鋼筋混凝土造,98年8月13日,十八層,四層
RPOOMLTKQHPFFCB88DA,11,41.43,見其他登記事項,鋼筋混凝土造,98年8月13日,二十六層,
RPOOMLTKQHPFFCB88DA,11,23.77,見其他登記事項,鋼筋混凝土造,98年8月13日,二十六層,
RPRTMLSKQHPFFCB96DA,1,52.22,見其他登記事項,鋼筋混凝土造,108年6月17日,九層,二層
RPRTMLSKQHPFFCB96DA,1,74.92,見其他登記事項,鋼筋混凝土造,108年6月17日,九層,
RPRSMLSKQHPFFCB86DA,8,70.59,住家用,鋼筋混凝土造,101年2月24日,十二層,七層
RPRSMLSKQHPFFCB86DA,8,20.85,見其他登記事項,鋼筋混凝土造,101年2月24日,十二層,
RPRSMLSKQHPFFCB86DA,8,37.40,見其他登記事項,鋼筋混凝土造,101年2月24日,十二層,
RPVTMLTKQHPFFCB47DA,14,47.34,見其他登記事項,鋼筋混凝土造,95年6月15日,八層,一層 二層
RPVTMLTKQHPFFCB47DA,14,38.46,見其他登記事項,鋼筋混凝土造,95年6月15日,八層,
RPUTMLTKQHPFFCB37DA,5,200.20,見其他登記事項,鋼筋混凝土造,104年4月27日,二十九層,二十九層
RPUTMLTKQHPFFCB37DA,5,87.05,見其他登記事項,鋼筋混凝土造,104年4月27日,二十九層,
RPUTMLTKQHPFFCB37DA,5,67.61,見其他登記事項,鋼筋混凝土造,104年4月27日,二十九層,
RPXTMLTKQHPFFCB67DA,26,39.91,見其他登記事項,鋼筋混凝土造,83年7月13日,十六層,八層
RPXTMLTKQHPFFCB67DA,26,4.58,共有部份,鋼筋混凝土造,83年7月13日,十六層,
RPXTMLTKQHPFFCB67DA,26,11.87,共有部份,鋼筋混凝土造,83年7月13日,十六層,
RPOQMLKLQHPFFCB28DA,22,103.72,住家用,鋼筋混凝土造,87年2月27日,八層,八層
RPOQMLKLQHPFFCB28DA,22,67.43,共有部份,鋼筋混凝土造,87年2月27日,八層,
RPQPMLSKQHPFFCB09DA,4,62.00,見其他登記事項,鋼筋混凝土造,105年12月9日,十二層,三層
RPQPMLSKQHPFFCB09DA,4,60.52,見其他登記事項,鋼筋混凝土造,105年12月9日,十二層,
RPOQMLSKQHPFFCB98DA,25,91.64,住家用,鋼筋混凝土造,84年12月29日,十四層,十三層
RPOQMLSKQHPFFCB98DA,25,39.69,共有部份,鋼筋混凝土造,84年12月29日,十四層,
RPXQMLSKQHPFFCB27DA,45,90.84,住家用,加強磚造,64年8月6日,二層,一層 二層
RPUPMLLLQHPFFCB88DA,7,180.66,住家用,鋼筋混凝土造,102年12月20日,二十層,九層
RPUPMLLLQHPFFCB88DA,7,157.46,見其他登記事項,鋼筋混凝土造,102年12月20日,二十層,
RPTNMLNKQHPFFCB68DA,8,137.88,住家用,鋼筋混凝土造,101年1月13日,十四層,二層
RPTNMLNKQHPFFCB68DA,8,115.68,見其他登記事項,鋼筋混凝土造,101年1月13日,十四層,
RPTRMLNJQHPFFCB98DA,47,49.50,住家用,鋼筋混凝土加強磚造,62年3月9日,一層,一層
RPUONLRJQHPFFCB66DA,15,118.15,住家用,鋼筋混凝土造,94年7月4日,十四層,三層
RPUONLRJQHPFFCB66DA,15,71.45,見其他登記事項,鋼筋混凝土造,94年7月4日,十七層,
RPTOMLTLPHPFFCB76DA,26,5.32,共有部份,鋼筋混凝土造,83年2月4日,六層,
RPTOMLTLPHPFFCB76DA,26,7.28,共有部份,鋼筋混凝土造,83年2月4日,六層,
RPTOMLTLPHPFFCB76DA,26,21.28,商業用,鋼筋混凝土造,83年2月4日,六層,六層
RPTOMLTLPHPFFCB76DA,26,24.37,商業用,鋼筋混凝土造,83年2月4日,六層,六層
RPTVMLQJQHPFFCB07DA,6,.06,見其他登記事項,鋼筋混凝土造,103年5月7日,十八層,一層
RPTVMLQJQHPFFCB07DA,6,102.69,住家用,鋼筋混凝土造,103年5月7日,十八層,十層
RPTVMLQJQHPFFCB07DA,6,33.59,見其他登記事項,鋼筋混凝土造,103年5月7日,十八層,
RPTVMLQJQHPFFCB07DA,6,15.04,見其他登記事項,鋼筋混凝土造,103年5月7日,十八層,
RPTVMLQJQHPFFCB07DA,6,.00,見其他登記事項,鋼筋混凝土造,103年5月7日,十八層,
RPTVMLQJQHPFFCB07DA,6,35.16,見其他登記事項,鋼筋混凝土造,103年5月7日,十八層,
RPSOMLKLQHPFFBB38DA,6,2.13,見其他登記事項,鋼筋混凝土造,103年8月5日,十八層,一層
RPSOMLKLQHPFFBB38DA,6,146.67,住家用,鋼筋混凝土造,103年8月5日,十八層,十三層
RPSOMLKLQHPFFBB38DA,6,136.61,見其他登記事項,鋼筋混凝土造,103年8月5日,十八層,
RPSOMLKLQHPFFBB38DA,6,.00,見其他登記事項,鋼筋混凝土造,103年8月5日,十八層,
RPVSMLTKQHPFFBB27DA,,39.66,見其他登記事項,鋼筋混凝土造,109年6月25日,十二層,八層
RPVSMLTKQHPFFBB27DA,,39.66,見其他登記事項,鋼筋混凝土造,109年6月25日,十二層,八層
RPVSMLTKQHPFFBB27DA,,38.25,見其他登記事項,鋼筋混凝土造,109年6月25日,十二層,
RPVSMLTKQHPFFBB27DA,,38.25,見其他登記事項,鋼筋混凝土造,109年6月25日,十二層,
RPWSMLTKQHPFFBB37DA,,79.31,見其他登記事項,鋼筋混凝土造,109年6月25日,十二層,十二層
RPWSMLTKQHPFFBB37DA,,76.49,見其他登記事項,鋼筋混凝土造,109年6月25日,十二層,
RPRPMLTKQHPFFBB56DA,25,23.39,住家用,鋼筋混凝土造,84年11月24日,二十四層,十四層
RPRPMLTKQHPFFBB56DA,25,13.17,見其他登記事項,鋼筋混凝土造,84年11月24日,二十四層,
RPRPMLSKQHPFFBB09DA,,62.49,住家用,鋼筋混凝土造,71年11月11日,五層,五層
RPRPMLSKQHPFFBB09DA,,3.72,共有部份,鋼筋混凝土造,71年11月11日,五層,
RPXPMLSKQHPFFBB07DA,29,19.01,住家用,鋼筋混凝土造,80年4月15日,七層,六層
RPXPMLSKQHPFFBB07DA,29,9.62,共有部份,鋼筋混凝土造,80年4月15日,七層,
RPXSMLTKQHPFFBB47DA,,59.53,見其他登記事項,鋼筋混凝土造,109年6月25日,十二層,三層
RPXSMLTKQHPFFBB47DA,,66.68,見其他登記事項,鋼筋混凝土造,109年6月25日,十二層,
RPWQMLMKQHPFFBB09DA,43,103.82,住商用,加強磚造,66年6月22日,二層,一層 二層 騎樓
RPSSNLLKQHPFFBB88DA,48,65.74,住家用,加強磚造,61年6月3日,三層,三層
RPVUMLRJPHPFFBB07DA,39,117.23,住家用,加強磚造,70年1月15日,二層,一層 二層
RPRUMLRLPHPFFBB86DA,31,55.06,共有部份,鋼筋混凝土造,78年10月24日,十四層,
RPRUMLRLPHPFFBB86DA,31,151.89,住家用,鋼筋混凝土造,78年10月24日,十四層,六層
RPRUMLRLPHPFFBB86DA,31,2.28,共有部份,鋼筋混凝土造,78年10月24日,十四層,
RPVNMLKLQHPFFAB48DA,22,62.81,住家用,鋼筋混凝土造,87年9月30日,十二層,十一層
RPVNMLKLQHPFFAB48DA,22,17.22,共有部份,鋼筋混凝土造,87年9月30日,十三層,
RPWNMLKLQHPFFAB58DA,22,62.81,住家用,鋼筋混凝土造,87年9月30日,十二層,九層
RPWNMLKLQHPFFAB58DA,22,42.27,共有部份,鋼筋混凝土造,87年9月30日,十三層,
RPSNMLKLQHPFFAB18DA,40,222.61,住商用,鋼筋混凝土造,69年2月14日,四層,一層 二層 三層 四層 地下層
RPOQMLTKQHPFFAB88DA,3,187.86,見其他登記事項,鋼筋混凝土造,107年1月17日,五層,一層 二層 三層 四層 五層 騎樓 見其他登記事項
RPOQMLTKQHPFFAB88DA,3,187.86,見其他登記事項,鋼筋混凝土造,107年1月17日,五層,一層 二層 三層 四層 五層 騎樓 見其他登記事項
RPPPMLSKQHPFFAB78DA,,111.63,見其他登記事項,鋼筋混凝土造,109年1月22日,五層,一層 二層 三層 四層 五層
RPPPMLSKQHPFFAB78DA,,111.63,見其他登記事項,鋼筋混凝土造,109年1月22日,五層,一層 二層 三層 四層 五層
RPPPMLSKQHPFFAB78DA,,111.63,見其他登記事項,鋼筋混凝土造,109年1月22日,五層,一層 二層 三層 四層 五層
RPPPMLTKQHPFFAB88DA,14,146.74,見其他登記事項,鋼筋混凝土造,96年1月23日,十九層,八層
RPPPMLTKQHPFFAB88DA,14,34.04,見其他登記事項,鋼筋混凝土造,96年1月23日,十九層,
RPPPMLTKQHPFFAB88DA,14,74.15,見其他登記事項,鋼筋混凝土造,96年1月23日,十九層,
RPUOMLKLQHPFFAB48DA,31,131.08,住家用,鋼筋混凝土造,78年10月20日,五層,二層
RPRPMLRKQHPFFAB88DA,,106.06,住家用,木造,,一層,一層
RPUNMLTKQHPFFAB56DA,,82.53,見其他登記事項,鋼筋混凝土造,109年5月3日,十五層,九層
RPUNMLTKQHPFFAB56DA,,73.36,見其他登記事項,鋼筋混凝土造,109年5月3日,十五層,
RPOQMLSKQHPFFAB78DA,10,111.15,見其他登記事項,鋼筋混凝土造,100年1月5日,十五層,十一層
RPOQMLSKQHPFFAB78DA,10,.13,見其他登記事項,鋼筋混凝土造,100年1月5日,十五層,一層
RPOQMLSKQHPFFAB78DA,10,26.14,見其他登記事項,鋼筋混凝土造,100年1月5日,十五層,
RPOQMLSKQHPFFAB78DA,10,22.45,見其他登記事項,鋼筋混凝土造,100年1月5日,十五層,
RPOQMLSKQHPFFAB78DA,10,30.80,見其他登記事項,鋼筋混凝土造,100年1月5日,十五層,
RPXPMLSKQHPFFAB96DA,21,145.37,見其他登記事項,鋼筋混凝土造,88年5月19日,十六層,一層 二層
RPXPMLSKQHPFFAB96DA,21,81.62,共有部份,鋼筋混凝土造,88年5月19日,十六層,
RPPOMLTKQHPFFAB78DA,,85.90,見其他登記事項,鋼筋混凝土造,109年5月3日,十五層,十層
RPPOMLTKQHPFFAB78DA,,75.10,見其他登記事項,鋼筋混凝土造,109年5月3日,十五層,
RPWNMLTKQHPFFAB76DA,,42.95,見其他登記事項,鋼筋混凝土造,109年5月3日,十五層,十三層
RPWNMLTKQHPFFAB76DA,,42.95,見其他登記事項,鋼筋混凝土造,109年5月3日,十五層,十三層
RPWNMLTKQHPFFAB76DA,,37.55,見其他登記事項,鋼筋混凝土造,109年5月3日,十五層,
RPWNMLTKQHPFFAB76DA,,37.55,見其他登記事項,鋼筋混凝土造,109年5月3日,十五層,
RPVNMLTKQHPFFAB66DA,,119.84,見其他登記事項,鋼筋混凝土造,109年5月3日,十五層,三層
RPVNMLTKQHPFFAB66DA,,91.27,見其他登記事項,鋼筋混凝土造,109年5月3日,十五層,
RPSOMLTKQHPFFAB09DA,,43.40,見其他登記事項,鋼筋混凝土造,109年5月3日,十五層,四層
RPSOMLTKQHPFFAB09DA,,43.40,見其他登記事項,鋼筋混凝土造,109年5月3日,十五層,四層
RPSOMLTKQHPFFAB09DA,,37.77,見其他登記事項,鋼筋混凝土造,109年5月3日,十五層,
RPSOMLTKQHPFFAB09DA,,37.77,見其他登記事項,鋼筋混凝土造,109年5月3日,十五層,
RPWOMLTKQHPFFAB86DA,,85.90,見其他登記事項,鋼筋混凝土造,109年5月3日,十五層,十五層
RPWOMLTKQHPFFAB86DA,,72.93,見其他登記事項,鋼筋混凝土造,109年5月3日,十五層,
RPPNMLNKQHPFFAB08DA,23,51.71,住家用,鋼筋混凝土造,86年11月14日,十二層,九層
RPPNMLNKQHPFFAB08DA,23,14.45,見其他登記事項,鋼筋混凝土造,86年11月14日,十二層,
RPQQMLKKQHPFFAB18DA,24,273.41,見其他登記事項,鋼筋混凝土造,85年11月6日,四層,一層 二層 三層 四層 屋頂突出物
RPPQMLOKQHPFFAB48DA,27,6.48,見其他登記事項,鋼筋混凝土造,82年6月12日,十六層,地下三層
RPPQMLOKQHPFFAB48DA,27,12.78,見其他登記事項,鋼筋混凝土造,82年6月12日,十六層,地下二層
RPPQMLOKQHPFFAB48DA,27,161.94,住家用,鋼筋混凝土造,82年6月12日,十六層,十三層 十四層
RPPQMLOKQHPFFAB48DA,27,22.26,共有部份,鋼筋混凝土造,82年6月12日,十六層,
RPPPMLKKQHPFFAB97DA,38,56.41,見其他登記事項,鋼筋混凝土造,71年9月7日,五層,五層
RPPPMLKKQHPFFAB97DA,38,4.26,共有部份,鋼筋混凝土造,71年9月7日,五層,
RPPPMLKKQHPFFAB97DA,38,1.97,共有部份,鋼筋混凝土造,71年9月7日,五層,
RPPNMLQKQHPFFAB38DA,26,1.47,見其他登記事項,鋼筋混凝土造,83年7月18日,十二層,地下一層
RPPNMLQKQHPFFAB38DA,26,1.47,見其他登記事項,鋼筋混凝土造,83年7月18日,十二層,地下一層
RPPNMLQKQHPFFAB38DA,26,50.32,住家用,鋼筋混凝土造,83年7月18日,十二層,三層
RPPNMLQKQHPFFAB38DA,26,50.32,住家用,鋼筋混凝土造,83年7月18日,十二層,三層
RPPNMLQKQHPFFAB38DA,26,15.87,見其他登記事項,鋼筋混凝土造,83年7月18日,十二層,
RPPNMLQKQHPFFAB38DA,26,15.87,見其他登記事項,鋼筋混凝土造,83年7月18日,十二層,
RPPNMLQKQHPFFAB38DA,26,2.74,見其他登記事項,鋼筋混凝土造,83年7月18日,十二層,
RPPNMLQKQHPFFAB38DA,26,2.74,見其他登記事項,鋼筋混凝土造,83年7月18日,十二層,
RPUNMLRKQHPFFKB47EA,29,129.68,住家用,鋼筋混凝土造,81年1月11日,二層,一層 二層 屋頂突出物 騎樓
RPUQMLNJQHPFFAB78DA,37,60.82,住家用,鋼筋混凝土造,72年11月30日,十二層,三層
RPUQMLNJQHPFFAB78DA,37,11.48,共有部份,鋼筋混凝土造,72年11月30日,十二層,
RPXNMLKLQHPFFJB07EA,29,92.40,見其他登記事項,鋼筋混凝土造,80年10月30日,七層,三層
RPXNMLKLQHPFFJB07EA,29,33.63,共有部份,鋼筋混凝土造,80年10月30日,七層,
RPQNMLLLQHPFFJB09EA,4,108.81,見其他登記事項,鋼筋混凝土造,105年11月4日,十五層,一層 二層
RPQNMLLLQHPFFJB09EA,4,55.29,見其他登記事項,鋼筋混凝土造,105年11月4日,十五層,
RPRNMLKLQHPFFHB88EA,27,102.63,住家用,鋼筋混凝土造,82年12月10日,八層,七層
RPRNMLKLQHPFFHB88EA,27,21.67,共有部份,鋼筋混凝土造,82年12月10日,八層,
RPPNMLKLQHPFFEB38EA,11,199.18,見其他登記事項,鋼筋混凝土造,98年6月9日,四層,一層 二層 三層 四層
RPQOMLKLQHPFFDB48EA,3,102.17,見其他登記事項,鋼筋混凝土造,106年4月26日,十二層,十層
RPQOMLKLQHPFFDB48EA,3,83.49,見其他登記事項,鋼筋混凝土造,106年4月26日,十二層,
RPWQMLSKQHPFFCB27EA,26,171.27,住商用,鋼筋混凝土造,83年9月12日,十三層,一層 二層 三層 騎樓
RPWQMLSKQHPFFCB27EA,26,50.78,住家用,鋼筋混凝土造,83年9月12日,十三層,
RPWPMLKLQHPFFCB09EA,23,255.02,見其他登記事項,鋼筋混凝土造,86年7月25日,四層,一層 二層 三層 四層
RPWPMLKLQHPFFCB09EA,23,72.36,共有部份,鋼筋混凝土造,86年7月25日,四層,
RPXPMLKLQHPFFCB56EA,13,64.28,住家用,鋼筋混凝土造,96年1月8日,十五層,二層
RPXPMLKLQHPFFCB56EA,13,65.17,見其他登記事項,鋼筋混凝土造,96年1月8日,十五層,
RPOQMLKLQHPFFCB38EA,14,77.99,住家用,鋼筋混凝土造,95年11月13日,二十八層,二十二層
RPOQMLKLQHPFFCB38EA,14,66.78,見其他登記事項,鋼筋混凝土造,95年11月13日,二十八層,
RPRRMLTKQHPFFBB86EA,9,59.03,住家用,鋼筋混凝土造,100年5月23日,九層,六層
RPRRMLTKQHPFFBB86EA,9,74.47,見其他登記事項,鋼筋混凝土造,100年5月23日,九層,
RPOPMLKLQHPFFAB08EA,29,117.01,住家用,鋼筋混凝土造,80年12月23日,七層,五層
RPOPMLKLQHPFFAB08EA,29,30.59,共有部份,鋼筋混凝土造,80年12月23日,七層,
RPVOMLKLQHPFFAB68EA,2,50.46,見其他登記事項,鋼筋混凝土造,108年2月19日,七層,三層
RPVOMLKLQHPFFAB68EA,2,36.48,見其他登記事項,鋼筋混凝土造,108年2月19日,七層,
RPXPMLTKQHPFFAB17EA,,43.40,見其他登記事項,鋼筋混凝土造,109年5月3日,十五層,十五層
RPXPMLTKQHPFFAB17EA,,43.40,見其他登記事項,鋼筋混凝土造,109年5月3日,十五層,十五層
RPXPMLTKQHPFFAB17EA,,37.77,見其他登記事項,鋼筋混凝土造,109年5月3日,十五層,
RPXPMLTKQHPFFAB17EA,,37.77,見其他登記事項,鋼筋混凝土造,109年5月3日,十五層,
RPRNMLKLQHPFFKB09DA,1,179.44,見其他登記事項,鋼筋混凝土造,108年12月24日,四層,一層 二層 三層 四層
RPSNMLKLQHPFFKB56DA,1,176.42,見其他登記事項,鋼筋混凝土造,108年12月24日,四層,一層 二層 三層 四層
RPPNMLSJQHPFFKB86DA,25,2.69,見其他登記事項,鋼筋混凝土造,84年4月1日,三層,一層 二層 三層 屋頂突出物 地下一層
RPPNMLSJQHPFFKB86DA,26,141.10,住家用,鋼筋混凝土造,83年12月30日,四層,一層 二層 三層 四層
RPUOMLTKQHPFFIB47DA,6,248.79,見其他登記事項,鋼筋混凝土造,103年10月9日,四層,一層 二層 三層 四層 地下一層
RPUOMLTKQHPFFIB47DA,6,.28,見其他登記事項,鋼筋混凝土造,103年10月9日,一層,
RPUOMLTKQHPFFIB47DA,6,29.13,見其他登記事項,鋼筋混凝土造,103年10月9日,四層,
RPQOMLRJQHPFFJB86DA,6,64.56,見其他登記事項,鋼筋混凝土造,103年1月6日,十四層,五層
RPQOMLRJQHPFFJB86DA,6,64.13,見其他登記事項,鋼筋混凝土造,103年1月6日,十四層,
RPXNMLSLPHPFFHB47DA,,55.63,見其他登記事項,鋼筋混凝土造,109年3月25日,三層,一層 二層 三層 見其他登記事項
RPXNMLSLPHPFFHB47DA,,55.63,見其他登記事項,鋼筋混凝土造,109年3月25日,三層,一層 二層 三層 見其他登記事項
RPXNMLSLPHPFFHB47DA,,55.63,見其他登記事項,鋼筋混凝土造,109年3月25日,三層,一層 二層 三層 見其他登記事項
RPUOMLSKQHPFFIB37DA,,172.15,見其他登記事項,鋼筋混凝土造,109年5月19日,三層,一層 二層 三層 見其他登記事項
RPSQMLTLPHPFFJB57DA,26,62.06,見其他登記事項,鋼筋混凝土造,83年8月30日,十層,四層
RPSQMLTLPHPFFJB57DA,26,23.89,共有部份,鋼筋混凝土造,83年8月30日,十層,
RPROMLSKQHPFFIB07DA,,172.15,見其他登記事項,鋼筋混凝土造,109年5月19日,三層,一層 二層 三層 見其他登記事項
RPOQMLOJQHPFFIB09DA,5,82.40,見其他登記事項,鋼筋混凝土造,104年11月4日,十四層,十四層
RPOQMLOJQHPFFIB09DA,5,78.11,見其他登記事項,鋼筋混凝土造,104年11月4日,十四層,
RPSOMLSKQHPFFIB17DA,,172.15,見其他登記事項,鋼筋混凝土造,109年5月19日,三層,一層 二層 三層 見其他登記事項
RPTOMLSKQHPFFIB27DA,,86.08,見其他登記事項,鋼筋混凝土造,109年5月19日,三層,一層 二層 三層 見其他登記事項
RPTOMLSKQHPFFIB27DA,,86.08,見其他登記事項,鋼筋混凝土造,109年5月19日,三層,一層 二層 三層 見其他登記事項
RPPOMLRKPHPFFJB76DA,29,22.03,見其他登記事項,鋼筋混凝土造,80年11月1日,十二層,地下層
RPPOMLRKPHPFFJB76DA,29,75.88,見其他登記事項,鋼筋混凝土造,80年11月1日,十二層,九層
RPPOMLRKPHPFFJB76DA,29,12.81,共有部份,鋼筋混凝土造,80年11月1日,十二層,
RPRNMLQJPHPFFJB66DA,23,157.23,見其他登記事項,鋼筋混凝土造,86年6月2日,四層,一層 二層 三層 四層 見其他登記事項
RPSNMLKLPHPFFJB98DA,28,68.55,見其他登記事項,鋼筋混凝土造,81年1月21日,六層,五層
RPSNMLKLPHPFFJB98DA,28,28.07,共有部份,鋼筋混凝土造,81年1月21日,六層,
RPWOMLRKPHPFFJB47DA,28,266.81,見其他登記事項,鋼筋混凝土造,81年6月30日,五層,一層 二層 三層 四層 五層 騎樓
RPUOMLOJQHPFFJB96DA,40,93.38,住家用,鋼筋混凝土造,69年6月1日,二層,一層 二層
RPTNMLLMPHPFFJB66DA,27,127.92,見其他登記事項,鋼筋混凝土造,82年8月27日,七層,四層
RPTNMLLMPHPFFJB66DA,27,41.51,共有部份,鋼筋混凝土造,82年8月27日,七層,
RPOOMLPJQHPFFJB09DA,41,82.20,見其他登記事項,加強磚造,68年5月1日,二層,一層 二層
RPSOMLMKQHPFFJB66DA,42,163.66,見其他登記事項,加強磚造,67年4月15日,二層,一層 二層 騎樓
RPUOMLKLQHPFFJB76DA,34,110.79,見其他登記事項,鋼筋混凝土造,76年1月12日,二層,一層 二層 見其他登記事項
RPRNMLOKQHPFFKB76DA,45,126.90,住商用,加強磚造,63年10月12日,二層,一層 二層 騎樓
RPRNMLTKQHPFFJB17DA,3,85.35,見其他登記事項,鋼筋混凝土造,106年11月1日,十三層,五層
RPRNMLTKQHPFFJB17DA,3,15.08,見其他登記事項,鋼筋混凝土造,106年11月1日,十三層,
RPRNMLTKQHPFFJB17DA,3,14.94,見其他登記事項,鋼筋混凝土造,106年11月1日,十三層,
RPRNMLTKQHPFFJB17DA,3,47.38,見其他登記事項,鋼筋混凝土造,106年11月1日,十三層,
RPPQMLLLQHPFFAB38EA,29,25.12,住家用,鋼筋混凝土造,80年4月20日,十二層,六層
RPPQMLLLQHPFFAB38EA,29,12.85,共有部份,鋼筋混凝土造,80年4月20日,十二層,
RPXQMLLLQHPFFBB66EA,10,76.66,住家用,鋼筋混凝土造,99年9月27日,十二層,五層
RPXQMLLLQHPFFBB66EA,10,64.60,見其他登記事項,鋼筋混凝土造,99年9月27日,十二層,
RPPOMLLLQHPFFBB28EA,40,91.96,住家用,加強磚造,69年1月25日,二層,一層 二層
RPUQMLKLQHPFFBB88EA,33,212.69,住商用,鋼筋混凝土造,76年10月21日,三層,一層 二層 三層 騎樓 地下層
RPSPMLKLQHPFFAB48EA,30,24.52,住家用,鋼筋混凝土造,79年6月25日,十二層,五層
RPSPMLKLQHPFFAB48EA,30,11.80,見其他登記事項,鋼筋混凝土造,79年6月25日,十二層,
RPWNMLKLQHPFFBB78EA,23,59.72,住家用,鋼筋混凝土造,86年6月28日,十五層,六層
RPWNMLKLQHPFFBB78EA,23,32.41,共有部份,鋼筋混凝土造,86年6月28日,十五層,
RPWNMLKLQHPFFBB78EA,23,8.64,共有部份,鋼筋混凝土造,86年6月28日,十五層,
RPQPMLOLQHPFFCB88EA,24,82.49,見其他登記事項,鋼筋混凝土造,85年6月15日,十二層,三層
RPQPMLOLQHPFFCB88EA,24,48.84,共有部份,鋼筋混凝土造,85年6月15日,十二層,
RPUNMLOLQHPFFBB98EA,,86.17,住家用,鋼筋混凝土造,102年9月25日,十五層,十層
RPUNMLOLQHPFFBB98EA,,62.16,見其他登記事項,鋼筋混凝土造,102年9月25日,十五層,
RPUNMLOLQHPFFBB98EA,,18.24,見其他登記事項,鋼筋混凝土造,102年9月25日,十五層,
RPQNMLOLQHPFFEB88EA,52,40.60,住家用,鋼筋混凝土加強磚造,57年4月6日,二層,一層 二層
RPQNMLOLQHPFFEB88EA,52,40.60,住家用,鋼筋混凝土加強磚造,57年4月6日,二層,一層 二層
RPVNMLLLQHPFFDB98EA,3,187.75,見其他登記事項,鋼筋混凝土造,106年2月16日,三層,一層 二層 三層 騎樓 見其他登記事項
RPPNMLLLQHPFFDB38EA,28,8.26,共有部份,鋼筋混凝土造,81年2月8日,十六層,
RPPNMLLLQHPFFDB38EA,28,9.40,共有部份,鋼筋混凝土造,81年2月8日,十六層,
RPPNMLLLQHPFFDB38EA,27,12.69,共有部份,鋼筋混凝土造,82年2月8日,十六層,
RPPNMLLLQHPFFDB38EA,27,.41,見其他登記事項,鋼筋混凝土造,82年2月8日,十六層,地下層
RPPNMLLLQHPFFDB38EA,27,90.68,住家用,鋼筋混凝土造,82年2月8日,十六層,六層
RPSOMLLLQHPFFIB66EA,5,146.38,見其他登記事項,鋼筋混凝土造,104年4月30日,十五層,十層
RPSOMLLLQHPFFIB66EA,5,41.85,見其他登記事項,鋼筋混凝土造,104年4月30日,十五層,
RPSOMLLLQHPFFIB66EA,5,100.90,見其他登記事項,鋼筋混凝土造,104年4月30日,十五層,
RPSOMLPJQHPFFAB58DA,25,.11,見其他登記事項,鋼筋混凝土造,84年11月30日,十七層,地下一層
RPSOMLPJQHPFFAB58DA,25,.20,見其他登記事項,鋼筋混凝土造,84年11月30日,十七層,二層
RPSOMLPJQHPFFAB58DA,25,83.70,見其他登記事項,鋼筋混凝土造,84年11月30日,十七層,六層
RPSOMLPJQHPFFAB58DA,25,42.12,見其他登記事項,鋼筋混凝土造,84年11月30日,十七層,
RPPNMLOLPHPFFAB18DA,43,64.67,住家用,鋼筋混凝土造,66年8月24日,五層,三層
RPRNMLLLQHPFFKB66EA,,85.24,住家用,鋼筋混凝土造,88年3月16日,七層,一層 二層 騎樓
RPRNMLLLQHPFFKB66EA,,18.13,見其他登記事項,鋼筋混凝土造,88年3月16日,七層,
RPROMLQJQHPFFAB58DA,8,67.79,見其他登記事項,鋼筋混凝土造,101年6月18日,十二層,四層
RPROMLQJQHPFFAB58DA,8,10.87,見其他登記事項,鋼筋混凝土造,101年6月18日,十二層,
RPROMLQJQHPFFAB58DA,8,48.77,見其他登記事項,鋼筋混凝土造,101年6月18日,十二層,
RPRPMLRLPHPFFAB88DA,,115.60,見其他登記事項,鋼筋混凝土造,103年6月20日,十四層,九層
RPRPMLRLPHPFFAB88DA,,60.10,見其他登記事項,鋼筋混凝土造,103年6月20日,十四層,
RPRPMLRLPHPFFAB88DA,,22.62,見其他登記事項,鋼筋混凝土造,103年6月20日,十四層,
RPTPMLSKQHPFFAB56DA,21,46.79,住家用,鋼筋混凝土造,88年4月3日,十三層,十一層
RPTPMLSKQHPFFAB56DA,21,.56,共有部份,鋼筋混凝土造,88年4月3日,十三層,
RPTPMLSKQHPFFAB56DA,21,12.35,共有部份,鋼筋混凝土造,88年4月3日,十三層,
RPUNMLKLQHPFFAB38DA,11,73.73,見其他登記事項,鋼筋混凝土造,98年12月11日,八層,二層
RPUNMLKLQHPFFAB38DA,11,72.87,見其他登記事項,鋼筋混凝土造,98年12月11日,八層,
RPVPMLSKQHPFFAB76DA,29,254.01,見其他登記事項,見其他登記事項,80年4月2日,三十七層,六層
RPVPMLSKQHPFFAB76DA,29,168.45,見其他登記事項,見其他登記事項,80年4月2日,三十七層,
RPVPMLSKQHPFFAB76DA,29,43.78,見其他登記事項,見其他登記事項,80年5月24日,三十七層,地下二層
RPSOMLKLQHPFFAB28DA,40,260.83,商業用,鋼筋混凝土造,69年6月3日,六層,一層 騎樓 地下層
RPOSMLKLPHPFFBB28DA,36,97.02,住家用,鋼筋混凝土造,73年8月24日,五層,二層
RPOSMLKLPHPFFBB28DA,36,10.96,共有部份,鋼筋混凝土造,73年8月24日,五層,
RPTPMLLLQHPFFAB58DA,46,126.24,住家用,見其他登記事項,63年10月8日,二層,一層 二層 騎樓
RPQPMLTKQHPFFAB98DA,22,72.51,住家用,鋼筋混凝土造,87年9月15日,十二層,八層
RPQPMLTKQHPFFAB98DA,22,6.18,共有部份,鋼筋混凝土造,87年9月15日,十二層,
RPQPMLTKQHPFFAB98DA,22,44.71,共有部份,鋼筋混凝土造,87年9月15日,十二層,
RPTOMLKLQHPFFAB38DA,8,49.96,見其他登記事項,鋼筋混凝土造,101年5月28日,十五層,十二層
RPTOMLKLQHPFFAB38DA,8,51.18,見其他登記事項,鋼筋混凝土造,101年5月28日,十五層,
RPVQNLMLPHPFFBB09DA,,209.48,見其他登記事項,鋼筋混凝土造,108年5月8日,五層,一層 二層 三層 四層 五層
RPVQNLMLPHPFFBB09DA,,209.48,見其他登記事項,鋼筋混凝土造,108年5月8日,五層,一層 二層 三層 四層 五層
RPQRMLSLPHPFFBB56DA,29,33.54,住家用,鋼筋混凝土造,80年6月6日,十六層,十五層
RPQRMLSLPHPFFBB56DA,29,1.51,共有部份,鋼筋混凝土造,80年6月6日,十六層,
RPQRMLSLPHPFFBB56DA,29,.90,共有部份,鋼筋混凝土造,80年6月6日,十六層,
RPQRMLSLPHPFFBB56DA,29,1.19,共有部份,鋼筋混凝土造,80年6月6日,十六層,
RPQRMLSLPHPFFBB56DA,29,12.52,共有部份,鋼筋混凝土造,80年6月6日,十六層,
RPXNMLNJQHPFFBB88DA,8,322.79,見其他登記事項,鋼筋混凝土造,101年3月2日,五層,一層 二層 三層 四層 五層
RPQPMLNJQHPFFBB38DA,39,108.87,住商用,鋼筋混凝土造,70年4月18日,二層,一層 二層 騎樓
RPVUMLTLPHPFFBB47DA,29,83.14,住家用,鋼筋混凝土造,80年4月19日,十四層,七層
RPVUMLTLPHPFFBB47DA,29,14.28,共有部份,鋼筋混凝土造,80年4月19日,十四層,
RPRPMLNJQHPFFBB48DA,35,86.99,國民住宅,鋼筋混凝土造,74年3月23日,十二層,六層
RPQOMLRKQHPFFBB78DA,34,71.97,住家用,鋼筋混凝土造,75年12月23日,五層,三層
RPQOMLRKQHPFFBB78DA,34,12.86,共有部份,鋼筋混凝土造,75年12月23日,五層,
RPQPMLOJQHPFFBB48DA,9,73.42,住家用,鋼筋混凝土造,100年5月23日,九層,八層
RPQPMLOJQHPFFBB48DA,9,62.17,見其他登記事項,鋼筋混凝土造,100年5月23日,九層,
RPSPMLSKQHPFFBB56DA,28,4.73,共有部份,鋼筋混凝土造,81年11月27日,十四層,
RPSPMLSKQHPFFBB56DA,28,37.27,共有部份,鋼骨混凝土造,82年1月12日,二十六層,
RPSPMLSKQHPFFBB56DA,28,111.60,商業用,鋼骨混凝土造,82年1月12日,二十六層,二十層
RPSSMLSKQHPFFBB86DA,53,158.41,住家用,鋼筋混凝土加強磚造,56年4月4日,三層,一層 二層 三層
RPSSMLSKQHPFFBB86DA,53,157.57,住家用,鋼筋混凝土加強磚造,56年4月4日,三層,一層 二層 三層
RPSRMLSKQHPFFBB76DA,28,25.00,見其他登記事項,鋼筋混凝土造,81年11月20日,八層,地下層
RPSRMLSKQHPFFBB76DA,28,76.83,住家用,鋼筋混凝土造,81年11月20日,八層,二層
RPSRMLSKQHPFFBB76DA,28,6.60,共有部份,鋼筋混凝土造,81年11月20日,八層,
RPRTMLTKQHPFFBB96DA,25,265.37,住家用,鋼筋混凝土造,84年12月15日,二十二層,二十層 二十一層
RPRTMLTKQHPFFBB96DA,25,.00,共有部份,鋼筋混凝土造,84年12月15日,二十二層,
RPRTMLTKQHPFFBB96DA,25,.00,見其他登記事項,鋼筋混凝土造,84年12月15日,二十二層,
RPRTMLTKQHPFFBB96DA,25,26.88,共有部份,鋼筋混凝土造,84年12月15日,二十二層,
RPRTMLTKQHPFFBB96DA,25,80.89,共有部份,鋼筋混凝土造,84年12月15日,二十二層,
SPRTMLTKQHPFFBB07DA,25,265.37,住家用,鋼筋混凝土造,84年12月15日,二十二層,二十層 二十一層
SPRTMLTKQHPFFBB07DA,25,.00,共有部份,鋼筋混凝土造,84年12月15日,二十二層,
SPRTMLTKQHPFFBB07DA,25,.00,見其他登記事項,鋼筋混凝土造,84年12月15日,二十二層,
SPRTMLTKQHPFFBB07DA,25,26.88,共有部份,鋼筋混凝土造,84年12月15日,二十二層,
SPRTMLTKQHPFFBB07DA,25,80.89,共有部份,鋼筋混凝土造,84年12月15日,二十二層,
RPQNMLKLQHPFFBB08DA,,304.17,見其他登記事項,鋼筋混凝土造,109年1月8日,五層,一層 二層 三層 四層 五層 見其他登記事項
RPORMLTKQHPFFBB09DA,3,34.40,見其他登記事項,鋼筋混凝土造,106年12月25日,十二層,十一層
RPORMLTKQHPFFBB09DA,3,34.40,見其他登記事項,鋼筋混凝土造,106年12月25日,十二層,十一層
RPORMLTKQHPFFBB09DA,3,22.84,見其他登記事項,鋼筋混凝土造,106年12月25日,十二層,
RPORMLTKQHPFFBB09DA,3,22.84,見其他登記事項,鋼筋混凝土造,106年12月25日,十二層,
RPORMLTKQHPFFBB09DA,3,5.77,見其他登記事項,鋼筋混凝土造,106年12月25日,十二層,
RPORMLTKQHPFFBB09DA,3,5.77,見其他登記事項,鋼筋混凝土造,106年12月25日,十二層,
RPSSMLTKQHPFFBB96DA,47,68.61,住家用,鋼筋混凝土加強磚造,62年5月20日,一層,一層
RPXRMLTKQHPFFBB37DA,26,.17,見其他登記事項,鋼筋混凝土造,83年3月30日,九層,地下一層
RPXRMLTKQHPFFBB37DA,26,51.49,住家用,鋼筋混凝土造,83年3月30日,九層,八層
RPXRMLTKQHPFFBB37DA,26,17.24,共有部份,鋼筋混凝土造,83年3月30日,九層,
RPXRMLTKQHPFFBB37DA,26,14.92,見其他登記事項,鋼筋混凝土造,83年3月30日,九層,
RPTSMLTKQHPFFBB07DA,25,109.62,住家用,鋼筋混凝土造,84年4月15日,十二層,六層
RPTSMLTKQHPFFBB07DA,25,53.85,共有部份,鋼筋混凝土造,84年4月15日,十二層,
RPTSMLTKQHPFFBB07DA,25,13.01,共有部份,鋼筋混凝土造,84年4月15日,十二層,
RPRNMLKLQHPFFBB18DA,27,41.62,商業用,鋼筋混凝土造,82年9月16日,十二層,一層 騎樓
RPRNMLKLQHPFFBB18DA,27,41.62,商業用,鋼筋混凝土造,82年9月16日,十二層,一層 騎樓
RPRNMLKLQHPFFBB18DA,27,4.88,共有部份,鋼筋混凝土造,82年9月16日,十二層,
RPRNMLKLQHPFFBB18DA,27,4.88,共有部份,鋼筋混凝土造,82年9月16日,十二層,
RPVQMLTKQHPFFBB07DA,25,22.51,住家用,鋼筋混凝土造,84年5月26日,十六層,十層
RPVQMLTKQHPFFBB07DA,25,6.79,共有部份,鋼筋混凝土造,84年5月26日,十六層,
RPVQMLTKQHPFFBB07DA,25,.00,共有部份,鋼筋混凝土造,84年5月26日,十六層,
RPVQMLTKQHPFFBB07DA,25,7.47,共有部份,鋼筋混凝土造,84年5月26日,十六層,
RPVQMLTKQHPFFBB07DA,25,.21,共有部份,鋼筋混凝土造,84年5月26日,十六層,
RPVQMLTKQHPFFBB07DA,25,.00,共有部份,鋼筋混凝土造,84年5月26日,十六層,
RPORMLKLQHPFFBB28DA,37,99.80,國民住宅,鋼筋混凝土造,72年11月25日,十二層,五層
RPUQMLTKQHPFFBB96DA,25,25.55,住家用,鋼筋混凝土造,84年5月26日,十六層,八層
RPUQMLTKQHPFFBB96DA,25,7.92,共有部份,鋼筋混凝土造,84年5月26日,十六層,
RPUQMLTKQHPFFBB96DA,25,8.22,共有部份,鋼筋混凝土造,84年5月26日,十六層,
RPUQMLTKQHPFFBB96DA,25,.00,共有部份,鋼筋混凝土造,84年5月26日,十六層,
RPUQMLTKQHPFFBB96DA,25,.25,共有部份,鋼筋混凝土造,84年5月26日,十六層,
RPUQMLTKQHPFFBB96DA,25,.00,共有部份,鋼筋混凝土造,84年5月26日,十六層,
RPXOMLKLQHPFFBB88DA,27,85.80,住家用,鋼筋混凝土造,82年8月13日,七層,五層
RPXOMLKLQHPFFBB88DA,27,14.86,共有部份,鋼筋混凝土造,82年8月13日,七層,
RPVQMLKLQHPFFBB88DA,,114.32,見其他登記事項,鋼筋混凝土造,109年3月4日,十五層,十四層
RPVQMLKLQHPFFBB88DA,,30.39,見其他登記事項,鋼筋混凝土造,109年3月4日,十五層,
RPVQMLKLQHPFFBB88DA,,73.56,見其他登記事項,鋼筋混凝土造,109年3月4日,十五層,
RPQRMLLLQHPFFBB58DA,4,149.46,見其他登記事項,鋼筋混凝土造,106年1月11日,二十二層,十八層
RPQRMLLLQHPFFBB58DA,4,79.06,見其他登記事項,鋼筋混凝土造,106年1月11日,二十二層,
RPQRMLLLQHPFFBB58DA,4,27.47,見其他登記事項,鋼筋混凝土造,106年1月11日,二十二層,
RPVPMLLLQHPFFBB88DA,49,307.76,商業用,鋼筋混凝土加強磚造,60年11月18日,三層,一層 二層 三層 騎樓 地下層
RPSNMLLLQHPFFBB38DA,39,64.10,住家用,鋼筋混凝土造,71年1月21日,十二層,四層
RPSNMLLLQHPFFBB38DA,39,15.60,共有部份,鋼筋混凝土造,71年1月21日,十二層,
RPSNMLSKPHPFFCB98DA,12,146.85,住家用,鋼筋混凝土造,97年8月25日,十四層,十二層
RPSNMLSKPHPFFCB98DA,12,87.08,見其他登記事項,鋼筋混凝土造,97年8月25日,十四層,
RPVOMLKLQHPFFBB68DA,22,96.82,住家用,鋼筋混凝土造,87年4月17日,二十五層,十三層 十四層
RPVOMLKLQHPFFBB68DA,22,.00,共有部份,鋼筋混凝土造,87年4月17日,二十五層,
RPVOMLKLQHPFFBB68DA,22,.00,共有部份,鋼筋混凝土造,87年4月17日,二十五層,
RPVOMLKLQHPFFBB68DA,22,.00,共有部份,鋼筋混凝土造,87年4月17日,二十五層,
RPVOMLKLQHPFFBB68DA,22,.00,共有部份,鋼筋混凝土造,87年4月17日,二十五層,
RPVOMLKLQHPFFBB68DA,22,19.51,共有部份,鋼筋混凝土造,87年4月17日,二十五層,
RPVOMLKLQHPFFBB68DA,22,.00,共有部份,鋼筋混凝土造,87年4月17日,二十五層,
RPVOMLKLQHPFFBB68DA,22,.00,共有部份,鋼筋混凝土造,87年4月17日,二十五層,
RPVOMLKLQHPFFBB68DA,22,39.84,共有部份,鋼筋混凝土造,87年4月17日,二十五層,
RPVSMLOLPHPFFCB86DA,26,13.52,共有部份,鋼筋混凝土造,83年1月18日,十二層,
RPVSMLOLPHPFFCB86DA,26,88.95,住家用,鋼筋混凝土造,83年1月18日,十二層,十一層
RPRNNLQJQHPFFCB78DA,7,81.59,住家用,鋼筋混凝土造,102年11月5日,十二層,四層
RPRNNLQJQHPFFCB78DA,7,55.22,見其他登記事項,鋼筋混凝土造,102年11月5日,十二層,
RPRNNLQJQHPFFCB78DA,7,21.42,見其他登記事項,鋼筋混凝土造,102年11月5日,十二層,
RPPOMLOLPHPFFCB48DA,11,311.43,住家用,鋼骨鋼筋混凝土造,98年12月25日,三十五層,五層
RPPOMLOLPHPFFCB48DA,11,77.63,見其他登記事項,鋼骨鋼筋混凝土造,98年12月25日,三十五層,
RPPOMLOLPHPFFCB48DA,11,104.43,見其他登記事項,鋼骨鋼筋混凝土造,98年12月25日,三十五層,
RPWTMLKKQHPFFCB66DA,1,58.26,見其他登記事項,鋼筋混凝土造,108年10月5日,十五層,十四層
RPWTMLKKQHPFFCB66DA,1,63.26,見其他登記事項,鋼筋混凝土造,108年10月5日,十五層,
RPPQMLLLQHPFFCB48DA,27,18.76,住家用,鋼筋混凝土造,82年10月14日,十二層,三層
RPPQMLLLQHPFFCB48DA,27,9.81,共有部份,鋼筋混凝土造,82年10月14日,十二層,
RPPNNLPJQHPFFCB48DA,29,22.74,住家用,鋼筋混凝土造,80年12月6日,十二層,八層
RPPNNLPJQHPFFCB48DA,29,13.62,共有部份,鋼筋混凝土造,80年12月6日,十二層,
RPXNMLMKQHPFFCB98DA,11,185.55,住家用,鋼骨鋼筋混凝土造,98年10月19日,二十七層,五層
RPXNMLMKQHPFFCB98DA,11,35.07,見其他登記事項,鋼骨鋼筋混凝土造,98年10月19日,二十七層,
RPXNMLMKQHPFFCB98DA,11,20.78,見其他登記事項,見其他登記事項,98年10月19日,二十七層,
RPXNMLMKQHPFFCB98DA,11,91.66,見其他登記事項,見其他登記事項,98年10月19日,二十七層,
RPQOMLLLQHPFFCB38DA,27,180.98,住家用,鋼筋混凝土造,82年7月2日,七層,六層
RPQOMLLLQHPFFCB38DA,27,47.16,共有部份,鋼筋混凝土造,82年7月2日,七層,
RPWOMLLLQHPFFCB98DA,26,18.41,住家用,鋼筋混凝土造,84年1月12日,十四層,九層
RPWOMLLLQHPFFCB98DA,26,7.56,共有部份,鋼筋混凝土造,84年1月12日,十四層,
RPSNMLLLQHPFFCB48DA,26,47.66,住家用,鋼筋混凝土造,83年7月19日,七層,七層
RPSNMLLLQHPFFCB48DA,26,47.66,住家用,鋼筋混凝土造,83年7月19日,七層,七層
RPSNMLLLQHPFFCB48DA,26,19.81,共有部份,鋼筋混凝土造,83年7月19日,七層,
RPSNMLLLQHPFFCB48DA,26,19.81,共有部份,鋼筋混凝土造,83年7月19日,七層,
RPXOMLLLQHPFFCB09DA,9,136.53,住家用,鋼筋混凝土造,100年12月28日,二十四層,十五層
RPXOMLLLQHPFFCB09DA,9,36.69,見其他登記事項,鋼筋混凝土造,100年12月28日,二十四層,
RPXOMLLLQHPFFCB09DA,9,71.87,見其他登記事項,鋼筋混凝土造,100年12月28日,二十四層,
RPXNMLLLQHPFFCB98DA,26,45.18,住家用,鋼筋混凝土造,83年4月30日,七層,七層
RPXNMLLLQHPFFCB98DA,26,45.18,住家用,鋼筋混凝土造,83年4月30日,七層,七層
RPXNMLLLQHPFFCB98DA,26,.27,見其他登記事項,鋼筋混凝土造,83年4月30日,七層,地下層
RPXNMLLLQHPFFCB98DA,26,.27,見其他登記事項,鋼筋混凝土造,83年4月30日,七層,地下層
RPXNMLLLQHPFFCB98DA,26,21.59,共有部份,鋼筋混凝土造,83年4月30日,七層,
RPXNMLLLQHPFFCB98DA,26,21.59,共有部份,鋼筋混凝土造,83年4月30日,七層,
RPXNMLLLQHPFFCB98DA,26,4.77,共有部份,鋼筋混凝土造,83年4月30日,七層,
RPXNMLLLQHPFFCB98DA,26,4.77,共有部份,鋼筋混凝土造,83年4月30日,七層,
RPTTMLKLQHPFFCB09DA,50,21.94,住家用,磚造,59年5月21日,一層,一層
RPTTMLKLQHPFFCB09DA,50,21.94,住家用,磚造,59年5月21日,一層,一層
RPRNMLLLQHPFFCB38DA,50,69.92,住家用,加強磚造,60年1月15日,一層,一層
RPURMLKLQHPFFCB98DA,4,205.11,見其他登記事項,鋼骨鋼筋混凝土造,105年1月27日,三十五層,八層
RPURMLKLQHPFFCB98DA,4,43.90,見其他登記事項,鋼骨鋼筋混凝土造,105年1月27日,三十五層,
RPURMLKLQHPFFCB98DA,4,91.40,見其他登記事項,鋼骨鋼筋混凝土造,105年1月27日,三十五層,
RPPSMLKLQHPFFCB58DA,10,228.95,住家用,鋼筋混凝土造,99年10月21日,二十八層,二十三層
RPPSMLKLQHPFFCB58DA,10,12.35,見其他登記事項,鋼筋混凝土造,99年10月21日,二十八層,
RPPSMLKLQHPFFCB58DA,10,52.17,見其他登記事項,鋼筋混凝土造,99年10月21日,二十八層,
RPPSMLKLQHPFFCB58DA,10,97.48,見其他登記事項,鋼筋混凝土造,99年10月21日,二十八層,
RPUPMLKLQHPFFCB78DA,26,100.87,住商用,鋼筋混凝土造,83年6月29日,十一層,一層 二層 騎樓
RPUPMLKLQHPFFCB78DA,26,39.64,共有部份,鋼筋混凝土造,83年6月29日,十一層,
RPXPMLRKQHPFFCB07DA,27,26.02,住家用,鋼筋混凝土造,82年12月21日,十二層,九層
RPXPMLRKQHPFFCB07DA,27,7.31,共有部份,鋼筋混凝土造,82年12月21日,十二層,
RPRSMLTKQHPFFCB96DA,22,148.04,見其他登記事項,鋼筋混凝土造,87年7月3日,十一層,一層 二層 騎樓
RPRSMLTKQHPFFCB96DA,22,48.19,共有部份,鋼筋混凝土造,87年7月3日,十一層,
RPRQMLTKQHPFFCB76DA,,61.90,見其他登記事項,鋼筋混凝土造,109年6月19日,十五層,三層
RPRQMLTKQHPFFCB76DA,,57.89,見其他登記事項,鋼筋混凝土造,109年6月19日,十五層,
RPQNMLOJQHPFFHB88DA,28,74.39,住家用,鋼筋混凝土造,81年4月30日,九層,七層
RPQNMLOJQHPFFHB88DA,28,19.11,見其他登記事項,鋼筋混凝土造,81年4月30日,九層,
RPQOMLRJQHPFFHB66DA,4,51.68,見其他登記事項,鋼筋混凝土造,105年11月15日,十二層,四層
RPQOMLRJQHPFFHB66DA,4,46.43,見其他登記事項,鋼筋混凝土造,105年11月15日,十二層,
RPTNMLLLQHPFFHB09DA,25,91.91,住家用,鋼筋混凝土造,84年7月15日,十二層,五層
RPTNMLLLQHPFFHB09DA,25,24.19,共有部份,鋼筋混凝土造,84年7月15日,十二層,
RPTNMLLLQHPFFHB09DA,25,.00,共有部份,鋼筋混凝土造,84年7月15日,十二層,
RPWNMLLLQHPFFDB98DA,37,105.90,住家用,加強磚造,72年12月20日,二層,一層 二層 見其他登記事項
RPXOMLOLPHPFFIB27DA,,167.98,見其他登記事項,鋼筋混凝土造,109年6月10日,三層,一層 二層 三層 見其他登記事項
RPXOMLKLQHPFFHB86DA,,169.97,見其他登記事項,鋼筋混凝土造,87年9月18日,三層,一層 二層 三層 見其他登記事項
RPXOMLKLQHPFFHB86DA,,48.94,共有部份,鋼筋混凝土造,87年9月18日,三層,
RPTNMLRKQHPFFDB56DA,1,84.42,見其他登記事項,鋼筋混凝土造,108年11月13日,四層,一層 二層 三層 四層
RPTNMLRKQHPFFDB56DA,1,84.42,見其他登記事項,鋼筋混凝土造,108年11月13日,四層,一層 二層 三層 四層
RPRNMLOKQHPFFDB68DA,26,57.02,住家用,鋼筋混凝土造,84年2月10日,二層,一層 二層
RPXNMLQJQHPFFDB76DA,26,96.39,住家用,鋼筋混凝土造,83年6月27日,十二層,八層
RPXNMLQJQHPFFDB76DA,26,36.84,共有部份,鋼筋混凝土造,83年6月27日,十二層,
RPTOMLSKPHPFFDB66DA,,153.96,見其他登記事項,鋼筋混凝土造,109年5月18日,三層,一層 二層 三層 見其他登記事項
RPQOMLTKQHPFFDB56DA,42,123.67,見其他登記事項,加強磚造,67年6月15日,二層,一層 二層 騎樓 電梯樓梯間
RPPNMLOLQHPFFDB58DA,36,100.69,見其他登記事項,加強磚造,73年11月22日,二層,一層 二層 見其他登記事項
RPPNMLKLQHPFFDB18DA,1,72.69,見其他登記事項,鋼筋混凝土造,108年11月13日,四層,一層 二層 三層 四層
RPPNMLKLQHPFFDB18DA,1,72.69,見其他登記事項,鋼筋混凝土造,108年11月13日,四層,一層 二層 三層 四層
RPPOMLSKQHPFFDB98DA,24,95.51,住家用,鋼筋混凝土造,85年7月17日,二十層,十八層
RPPOMLSKQHPFFDB98DA,24,33.18,共有部份,鋼筋混凝土造,85年7月17日,二十層,
RPPOMLSKQHPFFDB98DA,24,8.03,停車空間,鋼筋混凝土造,85年7月17日,二十層,
RPTNMLKLQHPFFDB58DA,1,168.84,見其他登記事項,鋼筋混凝土造,108年11月13日,四層,一層 二層 三層 四層
RPQNMLLLQHPFFHB78DA,,158.41,見其他登記事項,鋼筋混凝土造,109年4月17日,四層,一層 二層 三層 四層
RPPNMLLLQHPFFHB68DA,,158.41,見其他登記事項,鋼筋混凝土造,109年4月17日,四層,一層 二層 三層 四層
RPWOMLKLQHPFFHB76DA,6,65.03,見其他登記事項,鋼筋混凝土造,103年2月26日,七層,一層
RPWOMLKLQHPFFHB76DA,6,12.99,見其他登記事項,鋼筋混凝土造,103年2月26日,七層,
RPWOMLKLQHPFFHB76DA,6,31.47,見其他登記事項,鋼筋混凝土造,103年2月26日,七層,
RPTOMLKLQHPFFHB09DA,,169.95,見其他登記事項,鋼筋混凝土造,109年4月17日,四層,一層 二層 三層 四層
RPVNMLNKQHPFFHB76DA,14,163.95,見其他登記事項,鋼筋混凝土造,95年12月20日,四層,一層 二層 三層 四層
RPSOMLKKQHPFFHB88DA,,158.41,見其他登記事項,鋼筋混凝土造,109年4月17日,四層,一層 二層 三層 四層
RPTNMLKLQHPFFHB98DA,39,96.90,住家用,鋼筋混凝土造,70年12月19日,五層,五層 見其他登記事項
RPUPMLOLPHPFFIB07DA,,187.50,見其他登記事項,鋼筋混凝土造,109年6月10日,三層,一層 二層 三層 見其他登記事項
RPVNMLSLPHPFFHB27DA,,94.17,見其他登記事項,鋼筋混凝土造,109年3月25日,三層,一層 二層 三層 見其他登記事項
RPVNMLSLPHPFFHB27DA,,94.17,見其他登記事項,鋼筋混凝土造,109年3月25日,三層,一層 二層 三層 見其他登記事項
RPPOMLLKQHPFFHB68DA,4,51.68,見其他登記事項,鋼筋混凝土造,105年11月15日,十二層,五層
RPPOMLLKQHPFFHB68DA,4,46.43,見其他登記事項,鋼筋混凝土造,105年11月15日,十二層,
RPTPMLOLPHPFFIB96DA,,181.68,見其他登記事項,鋼筋混凝土造,109年6月10日,三層,一層 二層 三層 見其他登記事項
RPXNMLNLPHPFFFB76DA,3,99.89,見其他登記事項,鋼筋混凝土造,106年10月27日,十五層,九層
RPXNMLNLPHPFFFB76DA,3,16.84,見其他登記事項,鋼筋混凝土造,106年10月27日,十五層,
RPXNMLNLPHPFFFB76DA,3,38.64,見其他登記事項,鋼筋混凝土造,106年10月27日,十五層,
RPXNMLNLPHPFFFB76DA,3,31.72,見其他登記事項,鋼筋混凝土造,106年10月27日,十五層,
RPXNMLNKQHPFFGB86DA,24,160.14,見其他登記事項,鋼筋混凝土造,85年12月17日,三層,一層 二層 三層 屋頂突出物 騎樓
RPUPMLTKQHPFFCB96DA,27,100.58,住家用,鋼筋混凝土造,82年8月17日,十四層,六層
RPUPMLTKQHPFFCB96DA,27,14.70,共有部份,鋼筋混凝土造,82年8月17日,十四層,
RPWPMLLLQHPFFCB09DA,30,14.09,共有部份,鋼筋混凝土造,79年11月30日,五層,
RPWPMLLLQHPFFCB09DA,30,98.75,住家用,鋼筋混凝土造,79年11月30日,五層,一層
RPVQMLLLQHPFFCB09DA,41,81.83,見其他登記事項,見其他登記事項,68年11月1日,四層,三層
RPWOMLKLQHPFFCB88DA,26,62.86,住家用,鋼筋混凝土造,84年1月21日,十九層,十層
RPWOMLKLQHPFFCB88DA,26,7.80,商業用,鋼筋混凝土造,84年1月21日,十九層,地下二層 地下三層
RPWOMLKLQHPFFCB88DA,26,11.16,共有部份,鋼筋混凝土造,84年1月21日,十九層,
RPWOMLKLQHPFFCB88DA,26,1.65,共有部份,鋼筋混凝土造,84年1月21日,十九層,
RPWOMLKLQHPFFCB88DA,26,11.39,共有部份,鋼筋混凝土造,84年1月21日,十九層,
RPQNMLPKQHPFFCB58DA,25,17.87,住家用,鋼筋混凝土造,84年6月19日,六層,六層
RPQNMLPKQHPFFCB58DA,25,9.17,共有部份,鋼筋混凝土造,84年6月19日,六層,
RPPOMLLLQHPFFCB28DA,21,93.03,住家用,鋼筋混凝土造,88年4月29日,十四層,二層
RPPOMLLLQHPFFCB28DA,21,38.86,共有部份,鋼筋混凝土造,88年4月29日,十四層,
RPWPMLNKQHPFFCB56DA,26,138.71,住家用,鋼筋混凝土造,83年8月26日,十五層,五層
RPWPMLNKQHPFFCB56DA,26,6.29,見其他登記事項,鋼筋混凝土造,83年8月26日,十五層,地下二層
RPWPMLNKQHPFFCB56DA,26,26.16,共有部份,鋼筋混凝土造,83年8月26日,十五層,
RPWNMLQJQHPFFCB56DA,27,73.04,商業用,鋼筋混凝土造,82年2月26日,二十三層,十四層
RPWNMLQJQHPFFCB56DA,27,43.75,共有部份,鋼筋混凝土造,82年2月26日,二十三層,
RPRWMLLLPHPFFCB56DA,29,20.70,見其他登記事項,鋼筋混凝土造,80年12月6日,十二層,地下三層
RPRWMLLLPHPFFCB56DA,29,22.74,住家用,鋼筋混凝土造,80年12月6日,十二層,四層
RPRWMLLLPHPFFCB56DA,29,16.71,共有部份,鋼筋混凝土造,80年12月6日,十二層,
RPSSMLLKQHPFFCB88DA,29,100.56,住家用,鋼筋混凝土造,80年6月3日,七層,二層
RPSSMLLKQHPFFCB88DA,29,17.46,見其他登記事項,鋼筋混凝土造,80年6月3日,七層,地下一層
RPSSMLLKQHPFFCB88DA,29,8.77,共有部份,鋼筋混凝土造,80年6月3日,七層,
RPRRMLLLQHPFFCB78DA,13,80.36,住家用,鋼筋混凝土造,96年3月27日,十二層,十一層
RPRRMLLLQHPFFCB78DA,13,58.85,見其他登記事項,鋼筋混凝土造,96年3月27日,十二層,
RPSNNLLLPHPFFCB48DA,9,91.75,住家用,鋼筋混凝土造,100年4月28日,十二層,十一層
RPSNNLLLPHPFFCB48DA,9,67.86,見其他登記事項,鋼筋混凝土造,100年4月28日,十二層,
RPROMLRLPHPFFCB98DA,3,92.66,見其他登記事項,鋼筋混凝土造,106年7月31日,二十二層,五層
RPROMLRLPHPFFCB98DA,3,53.15,見其他登記事項,鋼筋混凝土造,106年7月31日,二十二層,
RPROMLRLPHPFFCB98DA,3,29.19,見其他登記事項,鋼筋混凝土造,106年7月31日,二十二層,
RPOTMLKKQHPFFCB48DA,8,52.75,住家用,鋼筋混凝土造,101年11月27日,十五層,十二層
RPOTMLKKQHPFFCB48DA,8,52.75,住家用,鋼筋混凝土造,101年11月27日,十五層,十二層
RPOTMLKKQHPFFCB48DA,8,13.55,見其他登記事項,鋼筋混凝土造,101年11月27日,十五層,
RPOTMLKKQHPFFCB48DA,8,13.55,見其他登記事項,鋼筋混凝土造,101年11月27日,十五層,
RPOTMLKKQHPFFCB48DA,8,42.24,見其他登記事項,鋼筋混凝土造,101年11月27日,十五層,
RPOTMLKKQHPFFCB48DA,8,42.24,見其他登記事項,鋼筋混凝土造,101年11月27日,十五層,
RPROMLOLQHPFFBB68DA,5,209.95,見其他登記事項,鋼筋混凝土造,104年9月11日,四層,一層 二層 三層 四層 騎樓 見其他登記事項
RPWQMLKMPHPFFCB09DA,6,62.55,住家用,鋼筋混凝土造,103年11月19日,二十一層,四層
RPWQMLKMPHPFFCB09DA,6,71.99,見其他登記事項,鋼筋混凝土造,103年11月19日,二十一層,
RPQNMLOLQHPFFBB48DA,28,21.36,見其他登記事項,鋼筋混凝土造,81年5月29日,十四層,地下二層
RPQNMLOLQHPFFBB48DA,28,7.07,見其他登記事項,鋼筋混凝土造,81年5月29日,十四層,地下一層
RPQNMLOLQHPFFBB48DA,28,78.73,住家用,鋼筋混凝土造,81年5月29日,十二層,六層
RPQNMLOLQHPFFBB48DA,28,14.60,共有部份,鋼筋混凝土造,81年5月29日,十四層,
RPVRMLLLQHPFFBB09DA,28,97.45,住家用,鋼筋混凝土造,81年11月13日,七層,四層
RPVRMLLLQHPFFBB09DA,28,30.03,共有部份,鋼筋混凝土造,81年11月13日,七層,
RPWSMLLLQHPFFBB66DA,28,21.81,見其他登記事項,鋼筋混凝土造,81年3月24日,十六層,地下二層
RPWSMLLLQHPFFBB66DA,28,139.77,住家用,鋼筋混凝土造,81年3月24日,十六層,四層
RPWSMLLLQHPFFBB66DA,28,23.88,共有部份,鋼筋混凝土造,81年3月24日,十六層,
RPVOMLLLQHPFFBB78DA,1,224.18,見其他登記事項,鋼筋混凝土造,108年6月25日,四層,一層 二層 三層 四層 見其他登記事項
RPPRMLLLQHPFFBB48DA,15,48.56,住家用,鋼筋混凝土造,94年12月8日,十八層,三層
RPPRMLLLQHPFFBB48DA,15,19.53,共有部份,鋼筋混凝土造,94年12月8日,十八層,
RPWQMLKLQHPFFBB98DA,25,64.12,商業用,鋼筋混凝土造,84年6月7日,二十一層,一層
RPWQMLKLQHPFFBB98DA,25,21.92,共有部份,鋼筋混凝土造,84年6月7日,二十一層,
RPOOMLLLQHPFFBB08DA,1,50.21,見其他登記事項,鋼筋混凝土造,108年5月13日,二十一層,二層
RPOOMLLLQHPFFBB08DA,1,40.10,見其他登記事項,鋼筋混凝土造,108年5月13日,二十二層,
RPOOMLLLQHPFFBB08DA,1,17.07,見其他登記事項,鋼筋混凝土造,108年5月13日,二十一層,
RPXQMLKLQHPFFBB09DA,14,82.19,住家用,鋼筋混凝土造,95年12月25日,十四層,十一層
RPXQMLKLQHPFFBB09DA,14,17.88,共有部份,鋼筋混凝土造,95年12月25日,十四層,
RPXQMLKLQHPFFBB09DA,14,32.39,共有部份,鋼筋混凝土造,95年12月25日,十四層,
RPPPMLLLQHPFFBB28DA,28,84.70,住家用,鋼筋混凝土造,81年2月28日,十二層,十一層
RPPPMLLLQHPFFBB28DA,28,32.45,共有部份,鋼筋混凝土造,81年2月28日,十二層,
RPXNMLLLQHPFFBB88DA,29,199.56,住家用,鋼筋混凝土造,80年12月7日,十六層,十五層
RPXNMLLLQHPFFBB88DA,29,11.15,見其他登記事項,鋼筋混凝土造,80年12月7日,十六層,地下二層
RPXNMLLLQHPFFBB88DA,29,44.95,共有部份,鋼筋混凝土造,80年12月7日,十六層,
RPQPMLLLQHPFFBB38DA,25,58.59,住家用,鋼筋混凝土造,84年4月9日,十四層,五層
RPQPMLLLQHPFFBB38DA,25,20.74,共有部份,鋼筋混凝土造,84年4月9日,十四層,
RPRPMLLLQHPFFBB48DA,,91.95,見其他登記事項,鋼筋混凝土造,109年3月29日,十五層,十三層
RPRPMLLLQHPFFBB48DA,,83.12,見其他登記事項,鋼筋混凝土造,109年3月29日,十五層,
RPQOMLKLQHPFFBB18DA,24,24.21,住家用,鋼筋混凝土造,85年6月1日,十三層,十一層
RPQOMLKLQHPFFBB18DA,24,9.56,共有部份,鋼筋混凝土造,85年6月1日,十三層,
RPROMLKLQHPFFBB28DA,32,76.07,住家用,鋼筋混凝土造,77年8月6日,五層,五層
RPROMLKLQHPFFBB28DA,32,8.30,共有部份,鋼筋混凝土造,77年8月6日,五層,
RPQNMLLLQHPFFBB18DA,4,53.21,見其他登記事項,鋼筋混凝土造,105年7月17日,二十八層,四層
RPQNMLLLQHPFFBB18DA,4,53.21,見其他登記事項,鋼筋混凝土造,105年7月17日,二十八層,四層
RPQNMLLLQHPFFBB18DA,4,28.01,見其他登記事項,鋼筋混凝土造,105年7月17日,二十八層,
RPQNMLLLQHPFFBB18DA,4,28.01,見其他登記事項,鋼筋混凝土造,105年7月17日,二十八層,
RPOPMLKLQHPFFBB08DA,4,108.30,見其他登記事項,鋼筋混凝土造,105年12月28日,十七層,十二層
RPOPMLKLQHPFFBB08DA,4,34.45,見其他登記事項,鋼筋混凝土造,105年12月28日,十七層,
RPOPMLKLQHPFFBB08DA,4,50.27,見其他登記事項,鋼筋混凝土造,105年12月28日,十七層,
RPTRMLKLQHPFFBB78DA,25,50.26,住家用,鋼筋混凝土造,84年7月14日,七層,三層
RPTRMLKLQHPFFBB78DA,25,17.39,共有部份,鋼筋混凝土造,84年7月14日,七層,
RPRNMLLLQHPFFBB28DA,12,57.14,住家用,鋼筋混凝土造,97年9月30日,十五層,六層
RPRNMLLLQHPFFBB28DA,12,38.68,共有部份,鋼筋混凝土造,97年9月30日,十五層,
RPUPMLKLQHPFFBB68DA,31,89.03,住家用,鋼筋混凝土造,78年5月24日,五層,一層
RPUPMLKLQHPFFBB68DA,31,8.02,共有部份,鋼筋混凝土造,78年5月24日,五層,
RPPSMLSKQHPFFBB56DA,26,69.28,住家用,鋼筋混凝土造,83年11月22日,十七層,十六層
RPPSMLSKQHPFFBB56DA,26,.00,共有部份,鋼筋混凝土造,83年11月22日,十七層,
RPPSMLSKQHPFFBB56DA,26,15.54,共有部份,鋼筋混凝土造,83年11月22日,十七層,
RPQTMLTKQHPFFBB86DA,16,54.57,見其他登記事項,見其他登記事項,93年3月25日,九層,六層
RPQTMLTKQHPFFBB86DA,16,22.53,共有部份,見其他登記事項,93年3月25日,九層,
RPXPMLTKQHPFFBB17DA,24,60.03,住家用,鋼筋混凝土造,85年5月24日,十六層,八層
RPXPMLTKQHPFFBB17DA,24,15.31,共有部份,鋼筋混凝土造,85年5月24日,十六層,
RPXPMLTKQHPFFBB17DA,24,1.20,共有部份,鋼筋混凝土造,85年5月24日,十六層,
RPXPMLTKQHPFFBB17DA,24,.00,共有部份,鋼筋混凝土造,85年5月24日,十六層,
RPTQMLSKQHPFFBB76DA,11,60.12,住家用,鋼筋混凝土造,98年8月5日,十八層,三層
RPTQMLSKQHPFFBB76DA,11,8.63,共有部份,鋼筋混凝土造,98年8月5日,十八層,
RPTQMLSKQHPFFBB76DA,11,15.60,共有部份,鋼筋混凝土造,98年8月5日,十八層,
RPPNMLPKQHPFFBB38DA,38,66.51,住家用,鋼筋混凝土造,70年12月31日,五層,一層
RPPNMLPKQHPFFBB38DA,38,4.44,共有部份,鋼筋混凝土造,70年12月31日,五層,
RPWPMLMKQHPFFBB98DA,1,70.13,見其他登記事項,鋼筋混凝土造,108年5月13日,二十二層,十五層
RPWPMLMKQHPFFBB98DA,1,42.39,見其他登記事項,鋼筋混凝土造,108年5月13日,二十二層,
RPWPMLMKQHPFFBB98DA,1,22.33,見其他登記事項,鋼筋混凝土造,108年5月13日,二十二層,
RPVNMLTKQHPFFBB76DA,26,.26,商業用,鋼筋混凝土造,83年2月8日,十三層,地下一層
RPVNMLTKQHPFFBB76DA,26,.26,商業用,鋼筋混凝土造,83年2月8日,十三層,地下一層
RPVNMLTKQHPFFBB76DA,26,73.01,住家用,鋼筋混凝土造,83年2月8日,十三層,三層
RPVNMLTKQHPFFBB76DA,26,73.01,住家用,鋼筋混凝土造,83年2月8日,十三層,三層
RPVNMLTKQHPFFBB76DA,26,9.56,共有部份,鋼筋混凝土造,83年2月8日,十三層,
RPVNMLTKQHPFFBB76DA,26,9.56,共有部份,鋼筋混凝土造,83年2月8日,十三層,
RPVNMLTKQHPFFBB76DA,26,.09,共有部份,鋼筋混凝土造,83年2月8日,十三層,
RPVNMLTKQHPFFBB76DA,26,.09,共有部份,鋼筋混凝土造,83年2月8日,十三層,
RPVNMLTKQHPFFBB76DA,26,22.50,共有部份,鋼筋混凝土造,83年2月8日,十三層,
RPVNMLTKQHPFFBB76DA,26,22.50,共有部份,鋼筋混凝土造,83年2月8日,十三層,
RPVNMLTKQHPFFBB76DA,26,.60,商業用,鋼筋混凝土造,83年2月8日,十三層,地下一層
RPVNMLTKQHPFFBB76DA,26,.60,商業用,鋼筋混凝土造,83年2月8日,十三層,地下一層
RPQQMLNKQHPFFBB58DA,,30.13,住家用,鋼筋混凝土造,83年11月22日,十七層,二層
RPQQMLNKQHPFFBB58DA,,.00,共有部份,鋼筋混凝土造,83年11月22日,十七層,
RPQQMLNKQHPFFBB58DA,,6.21,共有部份,鋼筋混凝土造,83年11月22日,十七層,
RPQQMLMKQHPFFBB48DA,1,50.21,見其他登記事項,鋼筋混凝土造,108年5月13日,二十一層,十二層
RPQQMLMKQHPFFBB48DA,1,40.10,見其他登記事項,鋼筋混凝土造,108年5月13日,二十二層,
RPQQMLMKQHPFFBB48DA,1,17.07,見其他登記事項,鋼筋混凝土造,108年5月13日,二十一層,
RPXOMLLLPHPFFBB88DA,26,127.05,住家用,鋼筋混凝土造,83年5月20日,十三層,八層
RPXOMLLLPHPFFBB88DA,26,43.69,共有部份,鋼筋混凝土造,83年5月20日,十三層,
RPVSNLLKQHPFFBB56DA,1,63.43,見其他登記事項,鋼筋混凝土造,108年5月13日,二十一層,十九層
RPVSNLLKQHPFFBB56DA,1,41.82,見其他登記事項,鋼筋混凝土造,108年5月13日,二十二層,
RPVSNLLKQHPFFBB56DA,1,21.54,見其他登記事項,鋼筋混凝土造,108年5月13日,二十一層,
RPUTMLRJQHPFFBB96DA,49,82.00,住家用,鋼筋混凝土加強磚造,60年10月30日,二層,一層 二層
RPURMLKMPHPFFBB88DA,27,96.27,住家用,鋼筋混凝土造,82年6月29日,八層,四層
RPURMLKMPHPFFBB88DA,27,24.06,共有部份,鋼筋混凝土造,82年6月29日,八層,
RPXPMLLLQHPFFAB98DA,21,92.33,住家用,鋼筋混凝土造,88年6月17日,七層,二層
RPXPMLLLQHPFFAB98DA,21,29.08,共有部份,鋼筋混凝土造,88年6月17日,七層,
RPSNMLKKQHPFFBB18DA,25,18.94,住家用,鋼筋混凝土造,84年8月14日,十六層,十六層
RPSNMLKKQHPFFBB18DA,25,.00,共有部份,鋼筋混凝土造,84年8月14日,十六層,
RPSNMLKKQHPFFBB18DA,25,.00,共有部份,鋼筋混凝土造,84年8月14日,十六層,
RPSNMLKKQHPFFBB18DA,25,.21,共有部份,鋼筋混凝土造,84年8月14日,十六層,
RPSNMLKKQHPFFBB18DA,25,.00,共有部份,鋼筋混凝土造,84年8月14日,十六層,
RPSNMLKKQHPFFBB18DA,25,.00,共有部份,鋼筋混凝土造,84年8月14日,十六層,
RPSNMLKKQHPFFBB18DA,25,.00,共有部份,鋼筋混凝土造,84年8月14日,十六層,
RPSNMLKKQHPFFBB18DA,25,.00,共有部份,鋼筋混凝土造,84年8月14日,十六層,
RPSNMLKKQHPFFBB18DA,25,4.05,共有部份,鋼筋混凝土造,84年8月14日,十六層,
RPSNMLKKQHPFFBB18DA,25,.00,共有部份,鋼筋混凝土造,84年8月14日,十六層,
RPSNMLKKQHPFFBB18DA,25,.00,共有部份,鋼筋混凝土造,84年8月14日,十六層,
RPSNMLKKQHPFFBB18DA,25,3.39,共有部份,鋼筋混凝土造,84年8月14日,十六層,
RPSNMLKKQHPFFBB18DA,25,.00,共有部份,鋼筋混凝土造,84年8月14日,十六層,
RPSNMLKKQHPFFBB18DA,25,.00,共有部份,鋼筋混凝土造,84年8月14日,十六層,
RPUPMLKLQHPFFAB58DA,52,177.84,住家用,見其他登記事項,57年8月27日,三層,一層 二層 三層 騎樓 地下層
RPOOOLKMPHPFFBB18DA,1,63.43,見其他登記事項,鋼筋混凝土造,108年5月13日,二十二層,二十一層
RPOOOLKMPHPFFBB18DA,1,41.82,見其他登記事項,鋼筋混凝土造,108年5月13日,二十二層,
RPOOOLKMPHPFFBB18DA,1,22.06,見其他登記事項,鋼筋混凝土造,108年5月13日,二十二層,
RPUPNLLJPHPFFBB58DA,1,1345.25,見其他登記事項,鋼筋混凝土造,108年12月6日,五層,一層 二層 三層 四層 五層 見其他登記事項
RPTPMLSLPHPFFAB56DA,30,118.26,住家用,鋼筋混凝土造,79年4月12日,七層,七層
RPTPMLSLPHPFFAB56DA,30,46.01,共有部份,鋼筋混凝土造,79年4月12日,七層,
RPRNMLRKQHPFFAB68DA,,87.91,住家用,鋼筋混凝土造,86年1月4日,十四層,八層
RPRNMLRKQHPFFAB68DA,,7.08,共有部份,鋼筋混凝土造,86年1月4日,十四層,
RPRNMLRKQHPFFAB68DA,,29.45,見其他登記事項,鋼筋混凝土造,86年1月4日,十四層,
RPVQMLKKPHPFFAB58DA,27,133.72,住家用,鋼筋混凝土造,82年11月25日,十三層,八層
RPVQMLKKPHPFFAB58DA,27,24.68,共有部份,鋼筋混凝土造,82年11月25日,十三層,
RPVQMLKKPHPFFAB58DA,27,15.06,共有部份,鋼筋混凝土造,82年11月25日,十三層,
RPSTMLOKPHPFFAB98DA,15,188.82,見其他登記事項,鋼筋混凝土造,94年11月7日,四層,一層 二層 三層 四層
RPXNMLKMPHPFFAB68DA,15,91.76,見其他登記事項,鋼筋混凝土造,94年8月8日,十二層,五層
RPXNMLKMPHPFFAB68DA,15,23.58,見其他登記事項,鋼筋混凝土造,94年8月8日,十二層,
RPXNMLKMPHPFFAB68DA,15,17.46,見其他登記事項,鋼筋混凝土造,94年8月8日,十二層,
RPSOMLOLQHPFFDB09EA,26,121.43,見其他登記事項,鋼造,83年11月12日,一層,一層 騎樓
RPVOMLOLQHPFFDB76EA,29,126.03,住家用,鋼筋混凝土造,80年5月31日,十六層,七層
RPVOMLOLQHPFFDB76EA,29,26.30,共有部份,鋼筋混凝土造,80年5月31日,十六層,
RPVOMLOLQHPFFDB76EA,29,32.14,停車空間,鋼筋混凝土造,80年5月31日,十六層,地下一層 地下二層
RPPNMLOLQHPFFJB66EA,28,65.36,見其他登記事項,鋼筋混凝土造,81年10月27日,五層,五層
RPPNMLOLQHPFFJB66EA,28,9.79,共有部份,鋼筋混凝土造,81年10月27日,五層,
RPSNMLOLQHPFFJB96EA,29,98.85,見其他登記事項,鋼筋混凝土造,80年10月7日,十三層,五層
RPSNMLOLQHPFFJB96EA,29,18.77,見其他登記事項,鋼筋混凝土造,80年10月7日,十三層,地下層
RPSNMLOLQHPFFJB96EA,29,15.09,見其他登記事項,鋼筋混凝土造,80年10月7日,十三層,
RPUNMLOLQHPFFJB17EA,29,92.19,見其他登記事項,鋼筋混凝土造,80年3月25日,五層,三層
RPUNMLOLQHPFFJB17EA,29,29.26,共有部份,鋼筋混凝土造,80年3月25日,五層,
RPTOMLOLQHPFFBB98EA,,250.42,見其他登記事項,鋼筋混凝土造,107年10月23日,十四層,一層 二層 三層 騎樓
RPTOMLOLQHPFFBB98EA,,246.39,見其他登記事項,鋼筋混凝土造,107年10月23日,十四層,
RPTNMLOLQHPFFJB07EA,28,9.74,共有部份,鋼筋混凝土造,81年5月26日,十二層,
RPTNMLOLQHPFFJB07EA,28,15.92,見其他登記事項,鋼筋混凝土造,81年5月26日,十二層,地下層
RPTNMLOLQHPFFJB07EA,28,.17,見其他登記事項,鋼筋混凝土造,81年5月26日,十二層,一層
RPTNMLOLQHPFFJB07EA,28,.17,見其他登記事項,鋼筋混凝土造,81年5月26日,十二層,一層
RPTNMLOLQHPFFJB07EA,28,78.77,見其他登記事項,鋼筋混凝土造,81年5月26日,十二層,五層
RPPPMLOLQHPFFBB68EA,41,93.93,住家用,鋼筋混凝土造,69年1月24日,五層,一層
RPQPMLOLQHPFFBB78EA,5,90.27,見其他登記事項,鋼筋混凝土造,104年10月16日,十五層,十四層
RPQPMLOLQHPFFBB78EA,5,47.33,見其他登記事項,鋼筋混凝土造,104年10月16日,十五層,
RPQPMLOLQHPFFBB78EA,5,18.67,見其他登記事項,鋼筋混凝土造,104年10月16日,十五層,
RPXOMLOLQHPFFBB76EA,27,90.58,見其他登記事項,鋼筋混凝土造,82年12月24日,七層,二層
RPXOMLOLQHPFFBB76EA,27,16.19,共有部份,鋼筋混凝土造,82年12月24日,七層,
RPXOMLOLQHPFFCB86EA,14,82.43,住家用,鋼筋混凝土造,95年11月13日,二十八層,四層
RPXOMLOLQHPFFCB86EA,14,65.87,見其他登記事項,鋼筋混凝土造,95年11月13日,二十八層,
RPTOMLOLQHPFFCB09EA,14,78.59,住家用,鋼筋混凝土造,95年8月16日,二十二層,三層
RPTOMLOLQHPFFCB09EA,14,49.08,見其他登記事項,鋼筋混凝土造,95年8月16日,二十二層,
RPOPMLOLQHPFFCB68EA,10,98.41,住家用,鋼筋混凝土造,99年1月12日,二十六層,二十一層
RPOPMLOLQHPFFCB68EA,10,73.35,見其他登記事項,鋼筋混凝土造,99年1月12日,二十六層,
RPSRMLLLQHPFFBB88EA,,27.38,見其他登記事項,鋼筋混凝土造,102年5月28日,一層,一層
RPQNMLRKQHPFFKB96DA,15,205.32,見其他登記事項,鋼筋混凝土造,94年7月5日,四層,一層 二層 三層 四層 屋頂突出物
RPPNMLQKQHPFFJB66DA,7,115.16,見其他登記事項,鋼筋混凝土造,102年7月31日,十四層,五層
RPPNMLQKQHPFFJB66DA,7,80.23,見其他登記事項,鋼筋混凝土造,102年7月31日,十四層,
RPSQMLKLQHPFFBB68EA,40,17.05,住家用,鋼筋混凝土造,69年9月16日,七層,三層
RPSQMLKLQHPFFBB68EA,40,5.38,共有部份,鋼筋混凝土造,69年9月16日,七層,
RPQNMLOLQHPFFJB66DA,2,90.08,見其他登記事項,鋼筋混凝土造,107年8月31日,十五層,十三層
RPQNMLOLQHPFFJB66DA,2,74.69,見其他登記事項,鋼筋混凝土造,107年8月31日,十五層,
RPWNMLOJQHPFFJB07DA,25,16.22,見其他登記事項,鋼筋混凝土造,84年7月28日,十二層,
RPWNMLOJQHPFFJB07DA,25,9.41,見其他登記事項,鋼筋混凝土造,84年7月28日,十二層,地下層
RPWNMLOJQHPFFJB07DA,25,81.03,見其他登記事項,鋼筋混凝土造,84年7月28日,十二層,七層
RPSOMLKMPHPFFJB56DA,28,102.97,見其他登記事項,鋼筋混凝土造,82年1月18日,十一層,十一層
RPSOMLKMPHPFFJB56DA,28,36.17,見其他登記事項,鋼筋混凝土造,82年1月18日,十一層,
RPQTMLOKQHPFFIB07DA,,52.81,見其他登記事項,鋼筋混凝土造,109年7月13日,十五層,一層
RPQTMLOKQHPFFIB07DA,,75.19,見其他登記事項,鋼筋混凝土造,109年7月13日,十五層,
RPROMLTKQHPFFIB17DA,5,133.51,見其他登記事項,鋼筋混凝土造,104年4月16日,十五層,三層
RPROMLTKQHPFFIB17DA,5,39.56,見其他登記事項,鋼筋混凝土造,104年4月16日,十五層,
RPROMLTKQHPFFIB17DA,5,92.60,見其他登記事項,鋼筋混凝土造,104年4月16日,十五層,
RPXTMLOKQHPFFIB77DA,,59.82,見其他登記事項,鋼筋混凝土造,109年7月13日,十五層,一層
RPXTMLOKQHPFFIB77DA,,76.93,見其他登記事項,鋼筋混凝土造,109年7月13日,十五層,
RPSUMLOKQHPFFIB37DA,,82.23,見其他登記事項,鋼筋混凝土造,109年7月13日,十五層,一層
RPSUMLOKQHPFFIB37DA,,97.78,見其他登記事項,鋼筋混凝土造,109年7月13日,十五層,
RPQUMLOKQHPFFIB17DA,,83.93,見其他登記事項,鋼筋混凝土造,109年7月13日,十五層,一層
RPQUMLOKQHPFFIB17DA,,69.35,見其他登記事項,鋼筋混凝土造,109年7月13日,十五層,
RPVUMLOKQHPFFIB67DA,,64.90,見其他登記事項,鋼筋混凝土造,109年7月13日,十五層,一層
RPVUMLOKQHPFFIB67DA,,60.34,見其他登記事項,鋼筋混凝土造,109年7月13日,十五層,
RPXVMLOKQHPFFIB97DA,,62.56,見其他登記事項,鋼筋混凝土造,109年7月13日,十五層,三層
RPXVMLOKQHPFFIB97DA,,59.71,見其他登記事項,鋼筋混凝土造,109年7月13日,十五層,
RPPWMLOKQHPFFIB27DA,,31.28,見其他登記事項,鋼筋混凝土造,109年7月13日,十五層,四層
RPPWMLOKQHPFFIB27DA,,31.28,見其他登記事項,鋼筋混凝土造,109年7月13日,十五層,四層
RPPWMLOKQHPFFIB27DA,,29.86,見其他登記事項,鋼筋混凝土造,109年7月13日,十五層,
RPPWMLOKQHPFFIB27DA,,29.86,見其他登記事項,鋼筋混凝土造,109年7月13日,十五層,
RPVNNLOKQHPFFIB07DA,,62.56,見其他登記事項,鋼筋混凝土造,109年7月13日,十五層,九層
RPVNNLOKQHPFFIB07DA,,59.71,見其他登記事項,鋼筋混凝土造,109年7月13日,十五層,
RPQVMLOKQHPFFIB27DA,,62.56,見其他登記事項,鋼筋混凝土造,109年7月13日,十五層,二層
RPQVMLOKQHPFFIB27DA,,59.71,見其他登記事項,鋼筋混凝土造,109年7月13日,十五層,
RPOONLOKQHPFFIB09DA,,62.56,見其他登記事項,鋼筋混凝土造,109年7月13日,十五層,十二層
RPOONLOKQHPFFIB09DA,,59.71,見其他登記事項,鋼筋混凝土造,109年7月13日,十五層,
RPXWMLOKQHPFFIB08DA,,31.28,見其他登記事項,鋼筋混凝土造,109年7月13日,十五層,七層
RPXWMLOKQHPFFIB08DA,,31.28,見其他登記事項,鋼筋混凝土造,109年7月13日,十五層,七層
RPXWMLOKQHPFFIB08DA,,29.86,見其他登記事項,鋼筋混凝土造,109年7月13日,十五層,
RPXWMLOKQHPFFIB08DA,,29.86,見其他登記事項,鋼筋混凝土造,109年7月13日,十五層,
RPSWMLOKQHPFFIB57DA,,31.28,見其他登記事項,鋼筋混凝土造,109年7月13日,十五層,六層
RPSWMLOKQHPFFIB57DA,,31.28,見其他登記事項,鋼筋混凝土造,109年7月13日,十五層,六層
RPSWMLOKQHPFFIB57DA,,29.86,見其他登記事項,鋼筋混凝土造,109年7月13日,十五層,
RPSWMLOKQHPFFIB57DA,,29.86,見其他登記事項,鋼筋混凝土造,109年7月13日,十五層,
RPWONLOKQHPFFIB27DA,,87.42,見其他登記事項,鋼筋混凝土造,109年7月13日,十五層,五層
RPWONLOKQHPFFIB27DA,,101.73,見其他登記事項,鋼筋混凝土造,109年7月13日,十五層,
RPSONLOKQHPFFIB86DA,,62.56,見其他登記事項,鋼筋混凝土造,109年7月13日,十五層,十五層
RPSONLOKQHPFFIB86DA,,59.71,見其他登記事項,鋼筋混凝土造,109年7月13日,十五層,
RPUONLOKQHPFFIB07DA,,43.71,見其他登記事項,鋼筋混凝土造,109年7月13日,十五層,四層
RPUONLOKQHPFFIB07DA,,43.71,見其他登記事項,鋼筋混凝土造,109年7月13日,十五層,四層
RPUONLOKQHPFFIB07DA,,50.87,見其他登記事項,鋼筋混凝土造,109年7月13日,十五層,
RPUONLOKQHPFFIB07DA,,50.87,見其他登記事項,鋼筋混凝土造,109年7月13日,十五層,
RPSPNLOKQHPFFIB96DA,,87.42,見其他登記事項,鋼筋混凝土造,109年7月13日,十五層,十三層
RPSPNLOKQHPFFIB96DA,,71.24,見其他登記事項,鋼筋混凝土造,109年7月13日,十五層,
RPQPNLOKQHPFFIB76DA,,87.42,見其他登記事項,鋼筋混凝土造,109年7月13日,十五層,十層
RPQPNLOKQHPFFIB76DA,,71.24,見其他登記事項,鋼筋混凝土造,109年7月13日,十五層,
RPOQNLOKQHPFFIB66DA,,105.46,見其他登記事項,鋼筋混凝土造,109年7月13日,十五層,四層
RPOQNLOKQHPFFIB66DA,,78.98,見其他登記事項,鋼筋混凝土造,109年7月13日,十五層,
RPWPNLOKQHPFFIB37DA,,87.42,見其他登記事項,鋼筋混凝土造,109年7月13日,十五層,十四層
RPWPNLOKQHPFFIB37DA,,71.24,見其他登記事項,鋼筋混凝土造,109年7月13日,十五層,
RPOPNLOKQHPFFIB56DA,,87.42,見其他登記事項,鋼筋混凝土造,109年7月13日,十五層,九層
RPOPNLOKQHPFFIB56DA,,71.24,見其他登記事項,鋼筋混凝土造,109年7月13日,十五層,
RPORNLOKQHPFFIB76DA,,105.46,見其他登記事項,鋼筋混凝土造,109年7月13日,十五層,十層
RPORNLOKQHPFFIB76DA,,78.98,見其他登記事項,鋼筋混凝土造,109年7月13日,十五層,
RPRQNLOKQHPFFIB96DA,,105.46,見其他登記事項,鋼筋混凝土造,109年7月13日,十五層,五層
RPRQNLOKQHPFFIB96DA,,109.47,見其他登記事項,鋼筋混凝土造,109年7月13日,十五層,
RPVQNLOKQHPFFIB37DA,,52.73,見其他登記事項,鋼筋混凝土造,109年7月13日,十五層,七層
RPVQNLOKQHPFFIB37DA,,52.73,見其他登記事項,鋼筋混凝土造,109年7月13日,十五層,七層
RPVQNLOKQHPFFIB37DA,,39.49,見其他登記事項,鋼筋混凝土造,109年7月13日,十五層,
RPVQNLOKQHPFFIB37DA,,39.49,見其他登記事項,鋼筋混凝土造,109年7月13日,十五層,
RPRRNLOKQHPFFIB07DA,,105.46,見其他登記事項,鋼筋混凝土造,109年7月13日,十五層,十一層
RPRRNLOKQHPFFIB07DA,,78.98,見其他登記事項,鋼筋混凝土造,109年7月13日,十五層,
RPPSNLOKQHPFFIB96DA,,105.46,見其他登記事項,鋼筋混凝土造,109年7月13日,十五層,十四層
RPPSNLOKQHPFFIB96DA,,78.98,見其他登記事項,鋼筋混凝土造,109年7月13日,十五層,
RPURNLOKQHPFFIB37DA,,105.46,見其他登記事項,鋼筋混凝土造,109年7月13日,十五層,十二層
RPURNLOKQHPFFIB37DA,,78.98,見其他登記事項,鋼筋混凝土造,109年7月13日,十五層,
RPQSNLOKQHPFFIB07DA,,84.01,見其他登記事項,鋼筋混凝土造,109年7月13日,十五層,二層
RPQSNLOKQHPFFIB07DA,,69.66,見其他登記事項,鋼筋混凝土造,109年7月13日,十五層,
RPRSNLOKQHPFFIB17DA,,84.01,見其他登記事項,鋼筋混凝土造,109年7月13日,十五層,三層
RPRSNLOKQHPFFIB17DA,,69.66,見其他登記事項,鋼筋混凝土造,109年7月13日,十五層,
RPXOMLPKQHPFFIB37DA,,62.56,見其他登記事項,鋼筋混凝土造,109年7月13日,十五層,八層
RPXOMLPKQHPFFIB37DA,,59.71,見其他登記事項,鋼筋混凝土造,109年7月13日,十五層,
RPWSNLOKQHPFFIB67DA,,84.01,見其他登記事項,鋼筋混凝土造,109年7月13日,十五層,五層
RPWSNLOKQHPFFIB67DA,,69.66,見其他登記事項,鋼筋混凝土造,109年7月13日,十五層,
RPPPMLPKQHPFFIB66DA,,62.56,見其他登記事項,鋼筋混凝土造,109年7月13日,十五層,十四層
RPPPMLPKQHPFFIB66DA,,59.71,見其他登記事項,鋼筋混凝土造,109年7月13日,十五層,
RPSNMLOLPHPFFJB76DA,36,109.98,住家用,鋼筋混凝土造,73年4月19日,三層,一層 二層 三層
RPUSNLOKQHPFFIB47DA,,84.01,見其他登記事項,鋼筋混凝土造,109年7月13日,十五層,四層
RPUSNLOKQHPFFIB47DA,,69.66,見其他登記事項,鋼筋混凝土造,109年7月13日,十五層,
RPRNMLQKQHPFFIB76DA,41,106.64,住家用,加強磚造,68年10月9日,二層,一層 二層
RPPOMLRLPHPFFJB86DA,39,83.20,住家用,加強磚造,70年8月27日,三層,一層 二層 三層
RPVNMLSLPHPFFJB47DA,34,113.58,見其他登記事項,鋼筋混凝土造,75年11月27日,二層,一層 二層 騎樓 見其他登記事項
RPOOMLLLQHPFFJB88DA,10,332.08,見其他登記事項,見其他登記事項,99年11月5日,四層,一層 二層 三層 四層 騎樓 見其他登記事項
RPQNMLNLQHPFFJB56DA,7,66.80,見其他登記事項,鋼筋混凝土造,102年7月18日,十四層,六層
RPQNMLNLQHPFFJB56DA,7,63.69,見其他登記事項,鋼筋混凝土造,102年7月18日,十四層,
RPSNMLLLQHPFFJB56DA,41,109.62,見其他登記事項,加強磚造,68年6月21日,二層,一層 二層 騎樓
RPQNMLTKQHPFFJB07DA,28,84.43,見其他登記事項,鋼筋混凝土造,81年11月25日,十二層,三層
RPQNMLTKQHPFFJB07DA,28,19.08,見其他登記事項,鋼筋混凝土造,81年11月25日,十二層,
RPOOMLKLQHPFFJB78DA,37,122.26,見其他登記事項,加強磚造,72年1月15日,二層,一層 二層 騎樓 見其他登記事項
RPTNMLNJQHPFFKB76DA,,173.26,見其他登記事項,鋼筋混凝土造,109年4月7日,三層,一層 二層 三層 見其他登記事項
RPPNMLKLQHPFFJB78DA,21,73.52,見其他登記事項,鋼筋混凝土造,88年6月11日,九層,三層
RPPNMLKLQHPFFJB78DA,21,26.99,見其他登記事項,鋼筋混凝土造,88年6月11日,九層,
RPPNMLKLQHPFFJB78DA,21,15.01,停車空間,鋼筋混凝土造,88年6月11日,九層,
RPUOMLSKQHPFFKB57DA,,187.38,見其他登記事項,鋼筋混凝土造,109年4月7日,四層,一層 二層 三層 四層 騎樓
RPOPMLKLQHPFFJB88DA,28,96.20,見其他登記事項,鋼筋混凝土造,81年7月15日,十一層,四層
RPOPMLKLQHPFFJB88DA,28,9.31,見其他登記事項,鋼筋混凝土造,81年7月15日,十一層,
RPWOMLRKQHPFFKB67DA,,203.10,見其他登記事項,鋼筋混凝土造,109年4月7日,三層,一層 二層 三層 見其他登記事項
RPUOMLRKQHPFFKB47DA,,60.91,見其他登記事項,鋼筋混凝土造,109年4月7日,三層,一層 二層 三層 騎樓 見其他登記事項
RPUOMLRKQHPFFKB47DA,,60.91,見其他登記事項,鋼筋混凝土造,109年4月7日,三層,一層 二層 三層 騎樓 見其他登記事項
RPUOMLRKQHPFFKB47DA,,60.91,見其他登記事項,鋼筋混凝土造,109年4月7日,三層,一層 二層 三層 騎樓 見其他登記事項
RPOPMLRKQHPFFKB96DA,,200.21,見其他登記事項,鋼筋混凝土造,109年4月7日,三層,一層 二層 三層 見其他登記事項
RPPPMLRKQHPFFKB07DA,,173.26,見其他登記事項,鋼筋混凝土造,109年4月7日,三層,一層 二層 三層 見其他登記事項
RPSPMLRKQHPFFKB37DA,,167.48,見其他登記事項,鋼筋混凝土造,109年4月7日,三層,一層 二層 三層 見其他登記事項
RPUPMLRKQHPFFKB57DA,,167.48,見其他登記事項,鋼筋混凝土造,109年4月7日,三層,一層 二層 三層 見其他登記事項
RPVPMLRKQHPFFKB67DA,,212.71,見其他登記事項,鋼筋混凝土造,109年4月7日,三層,一層 二層 三層 見其他登記事項
RPQPMLRKQHPFFKB17DA,,86.63,見其他登記事項,鋼筋混凝土造,109年4月7日,三層,一層 二層 三層 見其他登記事項
RPQPMLRKQHPFFKB17DA,,86.63,見其他登記事項,鋼筋混凝土造,109年4月7日,三層,一層 二層 三層 見其他登記事項
RPWPMLRKQHPFFKB77DA,,200.20,見其他登記事項,鋼筋混凝土造,109年4月7日,三層,一層 二層 三層 見其他登記事項
RPXPMLRKQHPFFKB87DA,,200.20,見其他登記事項,鋼筋混凝土造,109年4月7日,三層,一層 二層 三層 見其他登記事項
RPPQMLRKQHPFFKB17DA,,175.28,見其他登記事項,鋼筋混凝土造,109年4月7日,三層,一層 二層 三層 騎樓 見其他登記事項
RPUQMLRKQHPFFKB67DA,,101.27,見其他登記事項,鋼筋混凝土造,109年4月7日,三層,一層 二層 三層 騎樓 見其他登記事項
RPUQMLRKQHPFFKB67DA,,101.27,見其他登記事項,鋼筋混凝土造,109年4月7日,三層,一層 二層 三層 騎樓 見其他登記事項
RPPNMLSKQHPFFKB96DA,,200.21,見其他登記事項,鋼筋混凝土造,109年4月7日,三層,一層 二層 三層 見其他登記事項
RPQQMLRKQHPFFKB27DA,,175.29,見其他登記事項,鋼筋混凝土造,109年4月7日,三層,一層 二層 三層 騎樓 見其他登記事項
RPVPMLPLQHPFFAB66EA,,15.55,共有部份,鋼筋混凝土造,71年4月28日,七層,
RPVPMLPLQHPFFAB66EA,,137.26,住家用,鋼筋混凝土造,71年4月28日,七層,三層
RPUQMLOLQHPFFCB76EA,30,62.23,住家用,鋼筋混凝土造,79年1月11日,五層,三層
RPUQMLOLQHPFFCB76EA,30,19.33,共有部份,鋼筋混凝土造,79年1月11日,五層,
RPWPMLQLQHPFFAB86EA,31,44.77,住家用,鋼筋混凝土造,78年5月15日,十二層,八層
RPWPMLQLQHPFFAB86EA,31,.99,見其他登記事項,鋼筋混凝土造,78年5月15日,十二層,一層 騎樓
RPWPMLQLQHPFFAB86EA,31,6.32,見其他登記事項,鋼筋混凝土造,78年5月15日,十二層,一層 二層 騎樓
RPWPMLQLQHPFFAB86EA,31,3.90,見其他登記事項,鋼筋混凝土造,78年5月15日,十二層,地下層
RPWPMLQLQHPFFAB86EA,31,21.55,見其他登記事項,鋼筋混凝土造,78年5月15日,十二層,
RPWPMLPLQHPFFAB76EA,47,94.92,住家用,見其他登記事項,62年4月4日,二層,一層 二層 騎樓
RPXQMLPLQHPFFBB07EA,35,129.83,住家用,加強磚造,74年5月25日,二層,一層 二層 夾層
RPTNMLPLQHPFFDB56EA,,140.47,見其他登記事項,鋼筋混凝土造,109年4月14日,三層,一層 二層 三層 見其他登記事項
RPUNMLPLQHPFFDB66EA,,140.69,見其他登記事項,鋼筋混凝土造,109年4月14日,三層,一層 二層 三層 見其他登記事項
RPVNMLPLQHPFFDB76EA,,140.50,見其他登記事項,鋼筋混凝土造,109年4月14日,三層,一層 二層 三層 見其他登記事項
RPXOMLKLPHPFFAB68DA,27,186.53,住家用,鋼筋混凝土造,83年1月11日,十三層,四層
RPXOMLKLPHPFFAB68DA,27,57.43,共有部份,鋼筋混凝土造,83年1月11日,十三層,
RPQUMLSLPHPFFAB76DA,6,87.74,見其他登記事項,鋼筋混凝土造,103年8月21日,十五層,五層
RPQUMLSLPHPFFAB76DA,6,76.74,見其他登記事項,鋼筋混凝土造,103年8月21日,十五層,
RPQUMLSLPHPFFAB76DA,6,20.58,見其他登記事項,鋼筋混凝土造,103年8月21日,十五層,
RPXOMLTKQHPFFAB96DA,46,64.98,見其他登記事項,見其他登記事項,63年12月5日,四層,四層
RPPNMLNLPHPFFAB08DA,6,118.24,見其他登記事項,鋼筋混凝土造,103年9月20日,十九層,十五層
RPPNMLNLPHPFFAB08DA,6,122.08,見其他登記事項,鋼筋混凝土造,103年9月20日,十九層,
RPTOMLLMPHPFFAB48DA,40,133.48,住商用,鋼筋混凝土造,69年6月24日,四層,一層 二層 三層 四層 騎樓 地下層
RPTOMLLMPHPFFAB48DA,40,133.48,住商用,鋼筋混凝土造,69年6月24日,四層,一層 二層 三層 四層 騎樓 地下層
RPXNMLNKQHPFFAB88DA,42,23.41,商業用,鋼骨混凝土造,68年2月7日,十一層,十層
RPXNMLNKQHPFFAB88DA,42,4.18,共有部份,見其他登記事項,68年2月7日,十一層,
RPXNMLOLQHPFFAB09DA,51,44.52,住家用,鋼筋混凝土造,58年4月15日,十層,十層
RPURMLLLQHPFFAB88DA,58,112.40,住家用,見其他登記事項,51年4月1日,二層,一層 二層 騎樓
RPSQMLTKQHPFFAB66DA,22,42.90,共有部份,鋼筋混凝土造,87年10月15日,十四層,
RPSQMLTKQHPFFAB66DA,22,110.11,住家用,鋼筋混凝土造,87年10月15日,十四層,十三層
RPSQMLTKQHPFFAB66DA,22,14.20,共有部份,鋼筋混凝土造,87年10月15日,十四層,
RPPNMLNLQHPFFAB18DA,41,133.06,住家用,鋼筋混凝土造,68年7月31日,五層,一層 地下層
RPPNMLOLQHPFFAB28DA,26,82.45,見其他登記事項,鋼筋混凝土造,83年8月25日,十二層,二層
RPPNMLOLQHPFFAB28DA,26,37.08,共有部份,鋼筋混凝土造,83年8月25日,十二層,
RPPPMLOLQHPFFAB48DA,29,70.57,住家用,鋼筋混凝土造,80年9月17日,十五層,十三層
RPPPMLOLQHPFFAB48DA,29,18.99,見其他登記事項,鋼筋混凝土造,80年9月17日,十五層,
RPTNMLOLQHPFFAB68DA,3,89.42,見其他登記事項,鋼筋混凝土造,106年9月19日,十層,十層
RPTNMLOLQHPFFAB68DA,3,123.31,見其他登記事項,鋼筋混凝土造,106年9月19日,十層,
RPRPMLOLQHPFFAB68DA,27,70.77,住家用,鋼筋混凝土造,82年5月24日,十二層,一層
RPRPMLOLQHPFFAB68DA,27,15.09,見其他登記事項,鋼筋混凝土造,82年5月24日,十二層,
RPROMLPLQHPFFAB68DA,10,40.86,見其他登記事項,鋼筋混凝土造,99年8月12日,十三層,八層
RPROMLPLQHPFFAB68DA,10,10.50,見其他登記事項,鋼筋混凝土造,99年8月12日,十三層,
RPROMLPLQHPFFAB68DA,10,8.64,見其他登記事項,鋼筋混凝土造,99年8月12日,十三層,
RPSNMLOLQHPFFAB58DA,11,170.16,見其他登記事項,鋼筋混凝土造,98年10月27日,十九層,十層
RPSNMLOLQHPFFAB58DA,11,78.68,見其他登記事項,鋼筋混凝土造,98年10月27日,十九層,
RPSNMLOLQHPFFAB58DA,11,51.20,見其他登記事項,鋼筋混凝土造,98年10月27日,十九層,
RPROOLKMPHPFFBB48DA,26,78.50,住家用,鋼筋混凝土造,83年12月14日,十七層,十一層
RPROOLKMPHPFFBB48DA,26,28.46,共有部份,鋼筋混凝土造,83年12月14日,十七層,
RPTSMLKLPHPFFBB78DA,12,88.87,住家用,鋼筋混凝土造,97年9月30日,十五層,八層
RPTSMLKLPHPFFBB78DA,12,39.36,共有部份,鋼筋混凝土造,97年9月30日,十五層,
RPRPNLOLPHPFFBB78DA,31,310.40,住家用,鋼筋混凝土造,78年11月14日,四層,一層 二層 三層 四層 騎樓 地下層
RPWNMLMKQHPFFBB78DA,5,111.41,見其他登記事項,鋼筋混凝土造,104年11月23日,十五層,八層
RPWNMLMKQHPFFBB78DA,5,74.43,見其他登記事項,鋼筋混凝土造,104年11月23日,十五層,
RPWNMLMKQHPFFBB78DA,5,29.07,見其他登記事項,鋼筋混凝土造,104年11月23日,十五層,
RPSNMLOKQHPFFBB58DA,3,356.18,見其他登記事項,鋼筋混凝土造,106年1月24日,三層,一層 二層 三層 地下一層 見其他登記事項
RPRQMLSKQHPFFBB56DA,25,93.68,住家用,鋼筋混凝土造,84年6月7日,二十一層,十七層
RPRQMLSKQHPFFBB56DA,25,47.68,共有部份,鋼筋混凝土造,84年6月7日,二十一層,
RPPQMLNJQHPFFBB38DA,35,46.44,見其他登記事項,鋼筋混凝土造,74年3月23日,十四層,五層
RPPQMLNJQHPFFBB38DA,35,46.44,見其他登記事項,鋼筋混凝土造,74年3月23日,十四層,五層
RPOOMLTKQHPFFBB78DA,5,143.47,見其他登記事項,鋼筋混凝土造,104年10月20日,十八層,六層
RPOOMLTKQHPFFBB78DA,5,90.82,見其他登記事項,鋼筋混凝土造,104年10月20日,十八層,
RPSQMLRKQHPFFBB56DA,29,135.72,住家用,鋼筋混凝土造,80年10月24日,七層,七層
RPSQMLRKQHPFFBB56DA,29,.52,共有部份,鋼筋混凝土造,80年10月24日,七層,
RPSQMLRKQHPFFBB56DA,29,41.72,共有部份,鋼筋混凝土造,80年10月24日,七層,
RPSQMLRKQHPFFBB56DA,29,15.78,共有部份,鋼筋混凝土造,80年10月24日,七層,
RPSQMLRKQHPFFBB56DA,29,10.65,見其他登記事項,鋼筋混凝土造,80年10月24日,七層,地下層
RPURMLSKQHPFFBB96DA,5,60.34,見其他登記事項,鋼筋混凝土造,104年4月23日,二十二層,十三層
RPURMLSKQHPFFBB96DA,5,26.31,見其他登記事項,鋼筋混凝土造,104年4月23日,二十二層,
RPURMLSKQHPFFBB96DA,5,14.30,見其他登記事項,鋼筋混凝土造,104年4月23日,二十二層,
RPPSMLLLQHPFFBB58DA,16,373.38,見其他登記事項,見其他登記事項,93年12月21日,四層,一層 二層 三層 四層
RPTNMLLLQHPFFBB48DA,24,18.98,住家用,鋼筋混凝土造,85年7月15日,十四層,四層
RPTNMLLLQHPFFBB48DA,24,5.61,共有部份,鋼筋混凝土造,85年7月15日,十四層,
RPTNMLLLQHPFFBB48DA,24,4.37,共有部份,鋼筋混凝土造,85年7月15日,十四層,
RPTNMLLLQHPFFBB48DA,24,.00,共有部份,鋼筋混凝土造,85年7月15日,十四層,
RPSSMLLLQHPFFBB88DA,25,19.16,住家用,鋼筋混凝土造,84年5月26日,十六層,十六層
RPSSMLLLQHPFFBB88DA,25,5.66,共有部份,鋼筋混凝土造,84年5月26日,十六層,
RPSSMLLLQHPFFBB88DA,25,.00,共有部份,鋼筋混凝土造,84年5月26日,十六層,
RPSSMLLLQHPFFBB88DA,25,6.57,共有部份,鋼筋混凝土造,84年5月26日,十六層,
RPSSMLLLQHPFFBB88DA,25,.18,共有部份,鋼筋混凝土造,84年5月26日,十六層,
RPSSMLLLQHPFFBB88DA,25,.00,共有部份,鋼筋混凝土造,84年5月26日,十六層,
RPRNMLOLQHPFFBB58DA,27,96.09,住家用,鋼筋混凝土造,82年12月14日,十三層,八層
RPRNMLOLQHPFFBB58DA,27,20.60,共有部份,鋼筋混凝土造,82年12月14日,十三層,
RPUOMLKLQHPFFBB58DA,4,113.30,見其他登記事項,鋼筋混凝土造,105年8月4日,十五層,六層
RPUOMLKLQHPFFBB58DA,4,52.66,見其他登記事項,鋼筋混凝土造,105年8月4日,十五層,
RPUOMLKLQHPFFBB58DA,4,23.43,見其他登記事項,鋼筋混凝土造,105年8月4日,十五層,
RPVSMLLLQHPFFBB56DA,17,41.34,住家用,見其他登記事項,92年12月18日,十三層,十一層
RPVSMLLLQHPFFBB56DA,17,41.34,住家用,見其他登記事項,92年12月18日,十三層,十一層
RPVSMLLLQHPFFBB56DA,17,14.17,共有部份,見其他登記事項,92年12月18日,十三層,
RPVSMLLLQHPFFBB56DA,17,14.17,共有部份,見其他登記事項,92年12月18日,十三層,
RPVPMLPLQHPFFBB66DA,4,84.11,見其他登記事項,鋼筋混凝土造,105年11月23日,十二層,六層
RPVPMLPLQHPFFBB66DA,4,72.84,見其他登記事項,鋼筋混凝土造,105年11月23日,十二層,
RPPQMLOLQHPFFBB68DA,29,106.49,住商用,鋼筋混凝土造,80年5月4日,七層,一層 二層 騎樓
RPPQMLOLQHPFFBB68DA,29,18.70,見其他登記事項,鋼筋混凝土造,80年5月4日,七層,地下層
RPPQMLOLQHPFFBB68DA,29,8.68,共有部份,鋼筋混凝土造,80年5月4日,七層,
RPOTMLLLQHPFFBB58DA,7,60.94,住家用,鋼筋混凝土造,102年7月25日,二十二層,三層
RPOTMLLLQHPFFBB58DA,7,16.35,見其他登記事項,鋼筋混凝土造,102年7月25日,二十二層,
RPOTMLLLQHPFFBB58DA,7,40.31,見其他登記事項,鋼筋混凝土造,102年7月25日,二十二層,
RPXQMLOLQHPFFBB86DA,27,144.14,住家用,鋼筋混凝土造,82年5月14日,七層,七層
RPXQMLOLQHPFFBB86DA,27,15.17,共有部份,鋼筋混凝土造,82年5月14日,七層,
RPVUNLKLPHPFFCB76DA,,61.92,見其他登記事項,鋼筋混凝土造,109年6月19日,十五層,十層
RPVUNLKLPHPFFCB76DA,,64.33,見其他登記事項,鋼筋混凝土造,109年6月19日,十五層,
RPSVMLKLPHPFFCB09DA,,73.07,見其他登記事項,鋼筋混凝土造,109年6月19日,十五層,七層
RPSVMLKLPHPFFCB09DA,,64.63,見其他登記事項,鋼筋混凝土造,109年6月19日,十五層,
RPWNOLKLPHPFFCB88DA,,36.62,見其他登記事項,鋼筋混凝土造,109年6月19日,十五層,九層
RPWNOLKLPHPFFCB88DA,,36.62,見其他登記事項,鋼筋混凝土造,109年6月19日,十五層,九層
RPWNOLKLPHPFFCB88DA,,32.47,見其他登記事項,鋼筋混凝土造,109年6月19日,十五層,
RPWNOLKLPHPFFCB88DA,,32.47,見其他登記事項,鋼筋混凝土造,109年6月19日,十五層,
RPUSMLKKPHPFFCB88DA,33,546.35,住商用,鋼筋混凝土造,76年11月26日,三層,一層 二層 三層 騎樓 地下層
RPTNOLKLPHPFFCB58DA,,58.82,見其他登記事項,鋼筋混凝土造,109年6月19日,十五層,十三層
RPTNOLKLPHPFFCB58DA,,62.80,見其他登記事項,鋼筋混凝土造,109年6月19日,十五層,
RPSUMLOLPHPFFCB76DA,7,64.66,住家用,鋼筋混凝土造,102年10月17日,十四層,二層
RPSUMLOLPHPFFCB76DA,7,41.74,見其他登記事項,鋼筋混凝土造,102年10月17日,十四層,
RPOOMLNJQHPFFCB18DA,27,16.54,見其他登記事項,見其他登記事項,82年5月7日,二十二層,地下二層
RPOOMLNJQHPFFCB18DA,27,96.47,見其他登記事項,見其他登記事項,82年5月7日,二十二層,十七層
RPOOMLNJQHPFFCB18DA,27,58.48,共有部份,見其他登記事項,82年5月7日,二十二層,
RPOQNLMLPHPFFCB48DA,,36.54,見其他登記事項,鋼筋混凝土造,109年6月19日,十五層,五層
RPOQNLMLPHPFFCB48DA,,36.54,見其他登記事項,鋼筋混凝土造,109年6月19日,十五層,五層
RPOQNLMLPHPFFCB48DA,,32.47,見其他登記事項,鋼筋混凝土造,109年6月19日,十五層,
RPOQNLMLPHPFFCB48DA,,32.47,見其他登記事項,鋼筋混凝土造,109年6月19日,十五層,
RPOONLPJQHPFFCB48DA,17,310.70,見其他登記事項,見其他登記事項,92年12月23日,四層,一層 二層 三層 四層 地下層
RPOONLPJQHPFFCB48DA,17,28.16,見其他登記事項,見其他登記事項,92年12月23日,四層,
RPTTMLKKQHPFFCB98DA,26,54.12,住家用,鋼筋混凝土造,83年4月27日,八層,七層
RPTTMLKKQHPFFCB98DA,26,22.56,共有部份,鋼筋混凝土造,83年4月27日,八層,
RPRSMLRJQHPFFCB66DA,27,18.77,住家用,鋼筋混凝土造,82年6月16日,六層,六層
RPRSMLRJQHPFFCB66DA,27,3.30,共有部份,鋼筋混凝土造,82年6月16日,六層,
RPXQMLLKQHPFFCB56DA,,86.06,見其他登記事項,鋼筋混凝土造,109年3月22日,十五層,七層
RPXQMLLKQHPFFCB56DA,,78.55,見其他登記事項,鋼筋混凝土造,109年3月22日,十五層,
RPVQMLLKQHPFFCB98DA,,97.39,見其他登記事項,鋼筋混凝土造,109年3月22日,十五層,七層
RPVQMLLKQHPFFCB98DA,,82.42,見其他登記事項,鋼筋混凝土造,109年3月22日,十五層,
RPORMLLKQHPFFCB38DA,,86.06,見其他登記事項,鋼筋混凝土造,109年3月22日,十五層,八層
RPORMLLKQHPFFCB38DA,,78.55,見其他登記事項,鋼筋混凝土造,109年3月22日,十五層,
RPPRMLLKQHPFFCB48DA,,48.78,見其他登記事項,鋼筋混凝土造,109年3月22日,十五層,九層
RPPRMLLKQHPFFCB48DA,,48.78,見其他登記事項,鋼筋混凝土造,109年3月22日,十五層,九層
RPPRMLLKQHPFFCB48DA,,42.12,見其他登記事項,鋼筋混凝土造,109年3月22日,十五層,
RPPRMLLKQHPFFCB48DA,,42.12,見其他登記事項,鋼筋混凝土造,109年3月22日,十五層,
RPWQMLLKQHPFFCB09DA,,96.76,見其他登記事項,鋼筋混凝土造,109年3月22日,十五層,七層
RPWQMLLKQHPFFCB09DA,,82.13,見其他登記事項,鋼筋混凝土造,109年3月22日,十五層,
RPRRMLLKQHPFFCB68DA,,127.63,見其他登記事項,鋼筋混凝土造,109年3月22日,十五層,十一層
RPRRMLLKQHPFFCB68DA,,131.41,見其他登記事項,鋼筋混凝土造,109年3月22日,十五層,
RPURMLLKQHPFFCB98DA,,93.22,見其他登記事項,鋼筋混凝土造,109年3月22日,十五層,十層
RPURMLLKQHPFFCB98DA,,82.13,見其他登記事項,鋼筋混凝土造,109年3月22日,十五層,
RPTRMLLKQHPFFCB88DA,,98.81,見其他登記事項,鋼筋混凝土造,109年3月22日,十五層,十五層
RPTRMLLKQHPFFCB88DA,,84.90,見其他登記事項,鋼筋混凝土造,109年3月22日,十五層,
RPSRMLLKQHPFFCB78DA,,96.72,見其他登記事項,鋼筋混凝土造,109年3月22日,十五層,十三層
RPSRMLLKQHPFFCB78DA,,83.88,見其他登記事項,鋼筋混凝土造,109年3月22日,十五層,
RPWRMLLKQHPFFCB56DA,,86.06,見其他登記事項,鋼筋混凝土造,109年3月22日,十五層,十五層
RPWRMLLKQHPFFCB56DA,,78.55,見其他登記事項,鋼筋混凝土造,109年3月22日,十五層,
RPOOMLOLQHPFFCB48DA,31,81.67,住家用,鋼筋混凝土造,78年4月11日,五層,一層
RPOOMLOLQHPFFCB48DA,31,8.39,共有部份,鋼筋混凝土造,78年4月11日,五層,
RPSRMLLLQHPFFCB88DA,6,181.72,住家用,鋼筋混凝土造,103年11月25日,二十九層,十九層
RPSRMLLLQHPFFCB88DA,6,87.20,見其他登記事項,鋼筋混凝土造,103年11月25日,二十九層,
RPSRMLLLQHPFFCB88DA,6,46.05,見其他登記事項,鋼筋混凝土造,103年11月25日,二十九層,
RPWNMLOLQHPFFCB56DA,4,125.62,見其他登記事項,鋼筋混凝土造,105年12月15日,二十一層,十三層
RPWNMLOLQHPFFCB56DA,4,142.15,見其他登記事項,鋼筋混凝土造,105年12月15日,二十一層,
RPTRMLLLQHPFFCB98DA,3,132.76,見其他登記事項,鋼筋混凝土造,106年3月21日,二十八層,五層
RPTRMLLLQHPFFCB98DA,3,118.41,見其他登記事項,鋼筋混凝土造,106年3月21日,二十八層,
RPURMLLLQHPFFCB09DA,27,7.15,共有部份,鋼筋混凝土造,82年9月13日,六層,
RPURMLLLQHPFFCB09DA,27,20.63,住家用,鋼筋混凝土造,82年9月13日,六層,三層
RPSOMLLLQHPFFCB58DA,26,22.25,住家用,鋼筋混凝土造,84年1月21日,十九層,十七層
RPSOMLLLQHPFFCB58DA,26,4.57,共有部份,鋼筋混凝土造,84年1月21日,十九層,
RPSOMLLLQHPFFCB58DA,26,5.71,共有部份,鋼筋混凝土造,84年1月21日,十九層,
RPOPMLLLQHPFFCB28DA,,237.35,見其他登記事項,鋼筋混凝土造,109年2月24日,四層,一層 二層 三層 四層 見其他登記事項
RPOPMLLLQHPFFCB28DA,,94.91,見其他登記事項,鋼筋混凝土造,109年2月24日,四層,
RPTOMLLLQHPFFCB68DA,6,183.80,住家用,鋼筋混凝土造,103年12月4日,二十二層,十八層
RPTOMLLLQHPFFCB68DA,6,113.76,見其他登記事項,鋼筋混凝土造,103年12月4日,二十二層,
RPTOMLLLQHPFFCB68DA,6,30.17,見其他登記事項,鋼筋混凝土造,103年12月4日,二十二層,
RPXTMLKLQHPFFCB86DA,,102.96,見其他登記事項,鋼筋混凝土造,109年6月19日,十五層,一層 見其他登記事項
RPXTMLKLQHPFFCB86DA,,69.53,見其他登記事項,鋼筋混凝土造,109年6月19日,十五層,
RPWTMLKLQHPFFCB76DA,,79.52,見其他登記事項,鋼筋混凝土造,109年6月19日,十五層,一層 見其他登記事項
RPWTMLKLQHPFFCB76DA,,60.96,見其他登記事項,鋼筋混凝土造,109年6月19日,十五層,
RPVNMLRKQHPFFCB66DA,28,67.13,住家用,鋼筋混凝土造,81年8月25日,七層,三層
RPVNMLRKQHPFFCB66DA,28,24.30,共有部份,鋼筋混凝土造,81年8月25日,七層,
RPPUMLKLQHPFFCB78DA,,61.90,見其他登記事項,鋼筋混凝土造,109年6月19日,十五層,七層
RPPUMLKLQHPFFCB78DA,,59.43,見其他登記事項,鋼筋混凝土造,109年6月19日,十五層,
RPRSMLKLQHPFFCB78DA,,61.90,見其他登記事項,鋼筋混凝土造,109年6月19日,十五層,十一層
RPRSMLKLQHPFFCB78DA,,59.43,見其他登記事項,鋼筋混凝土造,109年6月19日,十五層,
RPPPMLTKQHPFFCB09DA,24,61.69,住家用,鋼筋混凝土造,85年6月13日,九層,二層 三層
RPPPMLTKQHPFFCB09DA,24,25.60,共有部份,鋼筋混凝土造,85年6月13日,九層,
RPOUMLKLQHPFFCB68DA,,88.64,見其他登記事項,鋼筋混凝土造,109年6月19日,十五層,十三層
RPOUMLKLQHPFFCB68DA,,74.74,見其他登記事項,鋼筋混凝土造,109年6月19日,十五層,
RPVNMLPJQHPFFGB76DA,17,98.54,見其他登記事項,鋼骨鋼筋混凝土造,92年5月15日,五層,二層
RPVNMLPJQHPFFGB76DA,17,7.65,見其他登記事項,鋼骨鋼筋混凝土造,92年5月15日,五層,
RPVNMLPJQHPFFGB76DA,17,7.68,見其他登記事項,鋼骨鋼筋混凝土造,92年5月15日,五層,
RPQOMLKLQHPFFHB78DA,26,94.44,見其他登記事項,鋼筋混凝土造,83年4月12日,八層,一層 二層 騎樓
RPQOMLKLQHPFFHB78DA,26,19.99,共有部份,鋼筋混凝土造,83年4月12日,八層,
RPSNMLOLQHPFFHB66DA,12,64.88,見其他登記事項,鋼筋混凝土造,97年2月25日,十四層,十三層
RPSNMLOLQHPFFHB66DA,12,16.37,見其他登記事項,鋼筋混凝土造,97年2月25日,十四層,
RPSNMLOLQHPFFHB66DA,12,33.34,見其他登記事項,鋼筋混凝土造,97年2月25日,十四層,
RPWNMLPLQHPFFHB17DA,26,97.76,住家用,鋼筋混凝土造,83年12月5日,二十五層,十三層
RPWNMLPLQHPFFHB17DA,26,42.20,共有部份,鋼筋混凝土造,83年12月5日,二十五層,
RPXPMLOLPHPFFIB37DA,,197.94,見其他登記事項,鋼筋混凝土造,109年6月10日,三層,一層 二層 三層 見其他登記事項
RPWPMLOLPHPFFIB27DA,,200.70,見其他登記事項,鋼筋混凝土造,109年6月10日,三層,一層 二層 三層 見其他登記事項
RPRNMLPLQHPFFCB78DA,14,45.74,住家用,鋼筋混凝土造,95年11月13日,十五層,九層
RPRNMLPLQHPFFCB78DA,14,17.05,見其他登記事項,鋼筋混凝土造,95年11月13日,十五層,
RPPOMLPLQHPFFCB68DA,14,93.82,住家用,鋼筋混凝土造,95年12月5日,十五層,三層
RPPOMLPLQHPFFCB68DA,14,19.67,見其他登記事項,鋼筋混凝土造,95年12月5日,十五層,
RPPOMLPLQHPFFCB68DA,14,14.59,見其他登記事項,鋼筋混凝土造,95年12月5日,十五層,
RPQOMLPLQHPFFCB78DA,31,122.98,住家用,鋼筋混凝土造,78年4月6日,六層,一層
RPQOMLPLQHPFFCB78DA,31,3.88,見其他登記事項,鋼筋混凝土造,78年4月6日,六層,地下層
RPQOMLPLQHPFFCB78DA,31,35.87,共有部份,鋼筋混凝土造,78年4月6日,六層,
RPVQMLPLQHPFFCB86DA,26,79.55,住家用,鋼筋混凝土造,83年5月19日,七層,四層
RPVQMLPLQHPFFCB86DA,26,32.82,共有部份,鋼筋混凝土造,83年5月19日,七層,
RPOOMLPLQHPFFCB58DA,10,46.22,住家用,鋼筋混凝土造,99年11月19日,二十四層,十六層
RPOOMLPLQHPFFCB58DA,10,34.85,見其他登記事項,鋼筋混凝土造,99年11月19日,二十四層,
RPSNMLPLQHPFFCB88DA,26,31.24,共有部份,鋼筋混凝土造,83年8月25日,十五層,
RPSNMLPLQHPFFCB88DA,26,120.25,住家用,鋼筋混凝土造,83年8月25日,十五層,三層
RPUNMLQLQHPFFCB56DA,29,42.18,住家用,鋼筋混凝土造,81年1月15日,十一層,三層
RPUNMLQLQHPFFCB56DA,29,9.20,共有部份,鋼筋混凝土造,81年1月15日,十一層,
RPPQMLQLQHPFFCB98DA,23,18.30,住家用,鋼筋混凝土造,86年11月21日,十二層,八層
RPPQMLQLQHPFFCB98DA,23,18.30,住家用,鋼筋混凝土造,86年11月21日,十二層,八層
RPPQMLQLQHPFFCB98DA,23,4.80,共有部份,鋼筋混凝土造,86年11月21日,十二層,
RPPQMLQLQHPFFCB98DA,23,4.80,共有部份,鋼筋混凝土造,86年11月21日,十二層,
RPPQMLQLQHPFFCB98DA,23,4.96,共有部份,鋼筋混凝土造,86年11月21日,十二層,
RPPQMLQLQHPFFCB98DA,23,4.96,共有部份,鋼筋混凝土造,86年11月21日,十二層,
RPOTMLQLQHPFFCB56DA,14,31.66,住家用,鋼筋混凝土造,95年11月24日,十四層,十層
RPOTMLQLQHPFFCB56DA,14,25.96,見其他登記事項,鋼筋混凝土造,95年11月24日,十四層,
RPSSMLQLQHPFFCB86DA,24,39.02,住家用,鋼筋混凝土造,85年5月9日,十四層,十四層
RPSSMLQLQHPFFCB86DA,24,19.83,共有部份,鋼筋混凝土造,85年5月9日,十四層,
RPSSMLQLQHPFFCB86DA,24,6.85,共有部份,鋼筋混凝土造,85年5月9日,十四層,
RPUQMLQLQHPFFCB86DA,30,80.82,商業用,鋼筋混凝土造,79年4月9日,六層,一層 騎樓 地下層
RPUQMLQLQHPFFCB86DA,30,80.82,商業用,鋼筋混凝土造,79年4月9日,六層,一層 騎樓 地下層
RPUQMLQLQHPFFCB86DA,30,7.44,共有部份,鋼筋混凝土造,79年4月9日,六層,
RPUQMLQLQHPFFCB86DA,30,7.44,共有部份,鋼筋混凝土造,79年4月9日,六層,
RPPNMLPKQHPFFEB68DA,55,313.41,見其他登記事項,磚造,54年1月1日,一層,一層
RPPNMLPKQHPFFEB68DA,50,416.10,見其他登記事項,磚造,59年1月1日,一層,一層
RPPNMLPKQHPFFEB68DA,48,241.53,見其他登記事項,鋼筋混凝土加強磚造,61年1月1日,三層,一層 二層 三層
RPUOMLSKQHPFFDB86DA,1,179.18,見其他登記事項,鋼筋混凝土造,108年9月12日,四層,一層 二層 三層 四層 見其他登記事項
RPXNMLPLQHPFFHB27DA,15,93.14,商業用,鋼骨鋼筋混凝土造,94年10月3日,一層,一層
RPPOMLOLQHPFFHB09DA,,158.41,見其他登記事項,鋼筋混凝土造,109年4月17日,四層,一層 二層 三層 四層
RPUNMLQLQHPFFGB96DA,25,.46,見其他登記事項,鋼筋混凝土造,84年6月1日,七層,地下一層
RPUNMLQLQHPFFGB96DA,25,93.42,見其他登記事項,鋼筋混凝土造,84年6月1日,七層,四層
RPUNMLQLQHPFFGB96DA,25,12.32,停車空間,鋼筋混凝土造,84年6月1日,七層,
RPUNMLQLQHPFFGB96DA,25,26.95,見其他登記事項,鋼筋混凝土造,84年6月1日,七層,
RPRNMLPLQHPFFHB66DA,17,197.44,見其他登記事項,鋼筋混凝土造,92年3月5日,四層,一層 二層 三層 四層 見其他登記事項
RPVNMLQLQHPFFDB76DA,25,92.24,見其他登記事項,鋼筋混凝土造,84年2月9日,七層,六層
RPVNMLQLQHPFFDB76DA,25,36.69,共有部份,鋼筋混凝土造,84年2月9日,七層,
RPURMLTKQHPFFCB17DA,22,15.57,住家用,鋼筋混凝土造,87年4月28日,十四層,五層
RPURMLTKQHPFFCB17DA,22,9.68,共有部份,鋼筋混凝土造,87年4月28日,十四層,
RPWSMLLKQHPFFCB66DA,11,149.08,住家用,鋼筋混凝土造,98年8月4日,二十四層,九層
RPWSMLLKQHPFFCB66DA,11,92.88,見其他登記事項,鋼筋混凝土造,98年8月4日,二十四層,
RPXTMLOLPHPFFCB17DA,33,216.36,住商用,鋼筋混凝土造,76年6月24日,三層,一層 二層 三層 騎樓 地下層
RPXRMLKLQHPFFCB66DA,14,53.25,住家用,鋼筋混凝土造,95年12月5日,十五層,二層
RPXRMLKLQHPFFCB66DA,14,53.25,住家用,鋼筋混凝土造,95年12月5日,十五層,二層
RPXRMLKLQHPFFCB66DA,14,11.16,見其他登記事項,鋼筋混凝土造,95年12月5日,十五層,
RPXRMLKLQHPFFCB66DA,14,11.16,見其他登記事項,鋼筋混凝土造,95年12月5日,十五層,
RPXRMLKLQHPFFCB66DA,14,22.32,見其他登記事項,鋼筋混凝土造,95年12月5日,十五層,
RPXRMLKLQHPFFCB66DA,14,22.32,見其他登記事項,鋼筋混凝土造,95年12月5日,十五層,
RPWQMLOLQHPFFCB86DA,25,.29,見其他登記事項,鋼筋混凝土造,84年1月28日,十六層,地下二層
RPWQMLOLQHPFFCB86DA,25,.29,見其他登記事項,鋼筋混凝土造,84年1月28日,十六層,地下二層
RPWQMLOLQHPFFCB86DA,25,47.01,住家用,鋼筋混凝土造,84年1月28日,十六層,七層
RPWQMLOLQHPFFCB86DA,25,47.01,住家用,鋼筋混凝土造,84年1月28日,十六層,七層
RPWQMLOLQHPFFCB86DA,25,17.17,共有部份,鋼筋混凝土造,84年1月28日,十六層,
RPWQMLOLQHPFFCB86DA,25,17.17,共有部份,鋼筋混凝土造,84年1月28日,十六層,
RPWQMLOLQHPFFCB86DA,25,2.84,共有部份,鋼筋混凝土造,84年1月28日,十六層,
RPWQMLOLQHPFFCB86DA,25,2.84,共有部份,鋼筋混凝土造,84年1月28日,十六層,
RPWQMLOLQHPFFCB86DA,25,12.13,共有部份,鋼筋混凝土造,84年1月28日,十六層,
RPWQMLOLQHPFFCB86DA,25,12.13,共有部份,鋼筋混凝土造,84年1月28日,十六層,
RPWQMLOLQHPFFCB86DA,25,1.33,共有部份,鋼筋混凝土造,84年1月28日,十六層,
RPWQMLOLQHPFFCB86DA,25,1.33,共有部份,鋼筋混凝土造,84年1月28日,十六層,
RPXOMLOLQHPFFBB66DA,35,196.44,商業用,鋼筋混凝土造,74年10月29日,二層,一層 騎樓 地下層
RPXOMLOLQHPFFBB66DA,35,179.49,住家用,鋼筋混凝土造,74年10月29日,二層,二層
RPQNMLPLQHPFFBB58DA,27,86.09,住家用,鋼筋混凝土造,82年8月13日,七層,七層
RPQNMLPLQHPFFBB58DA,27,14.86,共有部份,鋼筋混凝土造,82年8月13日,七層,
RPUQMLQLQHPFFBB76DA,29,32.71,住家用,鋼筋混凝土造,80年11月29日,五層,二層
RPUQMLQLQHPFFBB76DA,29,9.44,共有部份,鋼筋混凝土造,80年11月29日,五層,
RPSNMLPLQHPFFBB78DA,1,63.52,見其他登記事項,鋼筋混凝土造,108年4月24日,十五層,十層
RPSNMLPLQHPFFBB78DA,1,29.66,見其他登記事項,鋼筋混凝土造,108年4月24日,十五層,
RPPPMLPLQHPFFBB68DA,1,90.90,見其他登記事項,鋼筋混凝土造,109年1月4日,十二層,八層
RPPPMLPLQHPFFBB68DA,1,84.45,見其他登記事項,鋼筋混凝土造,109年1月4日,十二層,
RPQPMLPLQHPFFBB78DA,2,456.43,見其他登記事項,鋼筋混凝土造,107年12月25日,五層,一層 二層 三層 四層 五層 騎樓 見其他登記事項
RPWPMLPLQHPFFBB76DA,4,109.88,見其他登記事項,鋼筋混凝土造,105年11月18日,二十一層,十五層
RPWPMLPLQHPFFBB76DA,4,86.07,見其他登記事項,鋼筋混凝土造,105年11月18日,二十一層,
RPRPMLQLQHPFFBB98DA,35,213.79,住商用,鋼筋混凝土造,74年8月7日,三層,一層 二層 三層 騎樓 地下層
RPPNMLQLQHPFFBB58DA,49,28.50,住家用,加強磚造,61年1月16日,一層,一層
RPPNMLQLQHPFFBB58DA,49,28.50,住家用,加強磚造,61年1月16日,一層,一層
RPPPMLQLQHPFFBB78DA,16,176.00,見其他登記事項,見其他登記事項,93年8月2日,四層,一層 二層 三層 四層
RPPPMLQLQHPFFBB78DA,16,4.40,見其他登記事項,見其他登記事項,93年8月2日,五層,一層 二層 三層 四層 五層 屋頂突出物 地下層
RPQQMLPLQHPFFBB88DA,32,88.88,住家用,鋼筋混凝土造,77年8月6日,五層,五層
RPQQMLPLQHPFFBB88DA,32,5.27,共有部份,鋼筋混凝土造,77年8月6日,五層,
RPQQMLOLQHPFFBB78DA,,131.22,住家用,鋼筋混凝土造,71年12月29日,五層,二層
RPWOMLKLQHPFFBB78DA,22,104.72,住家用,鋼筋混凝土造,87年1月19日,十四層,三層
RPWOMLKLQHPFFBB78DA,22,69.16,共有部份,鋼筋混凝土造,87年1月19日,十四層,
RPSQMLOLQHPFFBB98DA,24,79.90,住家用,鋼筋混凝土造,85年9月26日,十層,四層
RPSQMLOLQHPFFBB98DA,24,27.20,共有部份,鋼筋混凝土造,85年9月26日,十層,
RPUQMLOLQHPFFBB56DA,39,120.16,見其他登記事項,鋼筋混凝土造,70年5月12日,四層,一層 二層 騎樓
RPUQMLOLQHPFFBB56DA,39,6.20,共有部份,鋼筋混凝土造,70年5月12日,四層,
RPOQMLPLQHPFFBB68DA,,67.86,商業用,鋼筋混凝土造,83年12月10日,十六層,一層
RPOQMLPLQHPFFBB68DA,,.00,共有部份,鋼筋混凝土造,83年12月10日,十六層,
RPOQMLPLQHPFFBB68DA,,.00,共有部份,鋼筋混凝土造,83年12月10日,十六層,
RPOQMLPLQHPFFBB68DA,,11.19,共有部份,鋼筋混凝土造,83年12月10日,十六層,
RPOQMLPLQHPFFBB68DA,,.00,共有部份,鋼筋混凝土造,83年12月10日,十六層,
RPOQMLPLQHPFFBB68DA,,.00,共有部份,鋼筋混凝土造,83年12月10日,十六層,
RPOQMLPLQHPFFBB68DA,,.00,共有部份,鋼筋混凝土造,83年12月10日,十六層,
RPOQMLPLQHPFFBB68DA,,.00,共有部份,鋼筋混凝土造,83年12月10日,四層,
RPOQMLPLQHPFFBB68DA,,6.70,共有部份,鋼筋混凝土造,83年12月10日,十六層,
RPOQMLPLQHPFFBB68DA,,.00,共有部份,鋼筋混凝土造,83年12月10日,十六層,
RPOQMLPLQHPFFBB68DA,,.00,共有部份,鋼筋混凝土造,83年12月10日,十六層,
RPPNMLSKQHPFFBB68DA,26,.14,商業用,鋼筋混凝土造,83年6月14日,十二層,地下二層
RPPNMLSKQHPFFBB68DA,26,134.73,住家用,鋼筋混凝土造,83年6月14日,十二層,十一層
RPPNMLSKQHPFFBB68DA,26,30.51,共有部份,鋼筋混凝土造,83年6月14日,十二層,
RPPNMLSKQHPFFBB68DA,26,.00,共有部份,鋼筋混凝土造,83年6月14日,十二層,
RPPNMLSKQHPFFBB68DA,26,.00,共有部份,鋼筋混凝土造,83年6月14日,十二層,
RPPNMLSKQHPFFBB68DA,26,17.15,共有部份,鋼筋混凝土造,83年6月14日,十二層,
RPPNMLSKQHPFFBB68DA,26,.00,共有部份,鋼筋混凝土造,83年6月14日,十二層,
RPPNMLSKQHPFFBB68DA,26,.00,共有部份,鋼筋混凝土造,83年6月14日,十二層,
RPTPMLSKQHPFFBB66DA,27,44.07,住家用,鋼筋混凝土造,83年2月7日,十八層,十四層
RPTPMLSKQHPFFBB66DA,27,33.46,共有部份,鋼筋混凝土造,83年2月7日,十八層,
RPVOMLPJQHPFFBB98DA,,42.77,住家用,鋼筋混凝土造,102年7月25日,二十二層,六層
RPVOMLPJQHPFFBB98DA,,11.45,見其他登記事項,鋼筋混凝土造,102年7月25日,二十二層,
RPVOMLPJQHPFFBB98DA,,9.21,見其他登記事項,鋼筋混凝土造,102年7月25日,二十二層,
RPRNMLRLQHPFFAB78DA,26,117.59,住家用,鋼筋混凝土造,83年7月14日,十五層,三層
RPRNMLRLQHPFFAB78DA,26,37.29,見其他登記事項,鋼筋混凝土造,83年7月14日,十五層,
RPURMLSLPHPFFBB96DA,26,134.73,住家用,鋼筋混凝土造,83年6月14日,十二層,七層
RPURMLSLPHPFFBB96DA,26,25.65,共有部份,鋼筋混凝土造,83年6月14日,十二層,
RPURMLSLPHPFFBB96DA,26,.00,共有部份,鋼筋混凝土造,83年6月14日,十二層,
RPURMLSLPHPFFBB96DA,26,.00,共有部份,鋼筋混凝土造,83年6月14日,十二層,
RPSQMLPLQHPFFAB98DA,4,98.79,見其他登記事項,鋼筋混凝土造,105年3月18日,十三層,二層
RPSQMLPLQHPFFAB98DA,4,86.27,見其他登記事項,鋼筋混凝土造,105年3月18日,十三層,
RPSQMLPLQHPFFAB98DA,4,22.68,見其他登記事項,鋼筋混凝土造,105年3月18日,十三層,
RPTOMLPLQHPFFAB88DA,43,103.89,見其他登記事項,鋼筋混凝土造,66年12月28日,四層,二層
RPTPMLOLQHPFFAB88DA,39,77.46,住家用,鋼筋混凝土造,70年9月2日,五層,一層
RPWNMLOLQHPFFAB98DA,24,27.49,見其他登記事項,鋼筋混凝土造,85年6月27日,二十一層,十層
RPWNMLOLQHPFFAB98DA,24,14.25,見其他登記事項,鋼筋混凝土造,85年6月27日,二十一層,
RPOPMLOLQHPFFAB38DA,25,72.81,見其他登記事項,鋼筋混凝土造,84年8月17日,十五層,六層
RPOPMLOLQHPFFAB38DA,25,7.09,見其他登記事項,鋼筋混凝土造,84年8月17日,十五層,
RPOPMLOLQHPFFAB38DA,25,31.71,見其他登記事項,鋼筋混凝土造,84年8月17日,十五層,
RPQRMLLLQHPFFAB48DA,31,33.58,住家用,鋼筋混凝土造,78年12月19日,七層,二層
RPQRMLLLQHPFFAB48DA,31,9.05,共有部份,鋼筋混凝土造,78年12月19日,七層,
RPRPMLLLQHPFFAB38DA,21,81.25,住家用,鋼筋混凝土造,88年2月11日,十一層,四層
RPRPMLLLQHPFFAB38DA,21,.53,見其他登記事項,鋼筋混凝土造,88年2月11日,十一層,一層 二層 騎樓
RPRPMLLLQHPFFAB38DA,21,23.55,共有部份,鋼筋混凝土造,88年2月11日,十一層,
RPXOMLRJQHPFFAB66DA,48,110.10,見其他登記事項,見其他登記事項,61年3月13日,四層,四層
RPQQMLKLPHPFFAB18DA,38,76.53,住家用,鋼筋混凝土造,71年8月15日,五層,三層
RPRPMLOKQHPFFAB58DA,2,140.71,見其他登記事項,鋼筋混凝土造,107年10月14日,十二層,一層 騎樓 見其他登記事項
RPRPMLOKQHPFFAB58DA,2,72.79,見其他登記事項,鋼筋混凝土造,107年10月14日,十二層,
RPOQMLLKQHPFFAB08DA,26,2.94,見其他登記事項,鋼筋混凝土造,83年7月18日,十二層,地下一層
RPOQMLLKQHPFFAB08DA,26,135.41,見其他登記事項,鋼筋混凝土造,83年7月18日,十二層,四層
RPOQMLLKQHPFFAB08DA,26,31.75,見其他登記事項,鋼筋混凝土造,83年7月18日,十二層,
RPOQMLLKQHPFFAB08DA,26,5.49,見其他登記事項,鋼筋混凝土造,83年7月18日,十二層,
RPUPMLPJQHPFFAB88DA,31,22.11,住家用,鋼筋混凝土造,78年6月23日,十二層,十層
RPUPMLPJQHPFFAB88DA,31,6.78,見其他登記事項,鋼筋混凝土造,78年6月23日,十二層,
RPRNMLQLQHPFFJB07EA,21,13.93,見其他登記事項,鋼筋混凝土造,88年9月9日,十層,三層
RPRNMLQLQHPFFJB07EA,21,8.24,見其他登記事項,鋼筋混凝土造,88年9月9日,十層,
RPQNMLQLQHPFFKB07EA,27,17.88,住家用,鋼筋混凝土造,82年7月31日,八層,八層
RPQNMLQLQHPFFKB07EA,27,8.26,見其他登記事項,鋼筋混凝土造,82年7月31日,八層,
RPQNMLQLQHPFFKB07EA,27,3.52,見其他登記事項,鋼筋混凝土造,82年7月31日,八層,
RPTNMLQLQHPFFGB96EA,46,48.43,見其他登記事項,見其他登記事項,,一層,一層
RPXNMLPLQHPFFCB86EA,50,57.30,見其他登記事項,見其他登記事項,59年12月17日,一層,一層
RPTOMLPLQHPFFCB56EA,29,41.80,共有部份,鋼筋混凝土造,80年12月11日,十六層,
RPTOMLPLQHPFFCB56EA,29,149.01,住家用,鋼筋混凝土造,80年12月11日,十六層,四層
RPSOMLPLQHPFFCB09EA,26,57.88,住家用,鋼筋混凝土造,84年1月21日,十九層,十八層
RPSOMLPLQHPFFCB09EA,26,7.80,商業用,鋼筋混凝土造,84年1月21日,十九層,地下二層 地下三層
RPSOMLPLQHPFFCB09EA,26,10.66,共有部份,鋼筋混凝土造,84年1月21日,十九層,
RPSOMLPLQHPFFCB09EA,26,1.65,共有部份,鋼筋混凝土造,84年1月21日,十九層,
RPSOMLPLQHPFFCB09EA,26,10.75,共有部份,鋼筋混凝土造,84年1月21日,十九層,
RPTTMLQLQHPFFCB17EA,26,78.88,住家用,鋼筋混凝土造,83年10月26日,十四層,七層
RPTTMLQLQHPFFCB17EA,26,24.36,共有部份,鋼筋混凝土造,83年10月26日,十四層,
RPOPMLPLQHPFFCB78EA,10,67.51,住家用,鋼筋混凝土造,99年11月19日,二十四層,二十一層
RPOPMLPLQHPFFCB78EA,10,30.66,見其他登記事項,鋼筋混凝土造,99年11月19日,二十四層,
RPORMLPLQHPFFBB88EA,22,102.26,住家用,鋼筋混凝土造,87年11月16日,十二層,九層
RPORMLPLQHPFFBB88EA,22,36.36,共有部份,鋼筋混凝土造,87年11月16日,十二層,
RPUTMLQLQHPFFCB27EA,21,14.29,住家用,鋼筋混凝土造,88年5月29日,八層,四層
RPUTMLQLQHPFFCB27EA,21,4.15,共有部份,鋼筋混凝土造,88年5月29日,八層,
RPUTMLQLQHPFFCB27EA,21,5.10,共有部份,鋼筋混凝土造,88年5月29日,八層,
RPTOMLQLQHPFFAB09EA,4,98.79,見其他登記事項,鋼筋混凝土造,105年3月18日,十三層,二層
RPTOMLQLQHPFFAB09EA,4,54.23,見其他登記事項,鋼筋混凝土造,105年3月18日,十三層,
RPTOMLQLQHPFFAB09EA,4,22.68,見其他登記事項,鋼筋混凝土造,105年3月18日,十三層,
RPPNMLMKQHPFFKB98DA,1,190.31,見其他登記事項,鋼筋混凝土造,108年12月30日,三層,一層 二層 三層 見其他登記事項
RPRNMLNLQHPFFJB66DA,36,143.66,住家用,加強磚造,73年6月27日,二層,一層 二層 見其他登記事項
RPPNMLMLQHPFFJB98DA,26,90.82,見其他登記事項,鋼筋混凝土造,83年8月6日,十二層,二層
RPPNMLMLQHPFFJB98DA,26,33.18,見其他登記事項,鋼筋混凝土造,83年8月6日,十二層,
RPROMLPLQHPFFJB96DA,24,83.70,見其他登記事項,鋼筋混凝土造,85年9月2日,十四層,六層
RPROMLPLQHPFFJB96DA,24,14.89,見其他登記事項,鋼筋混凝土造,85年9月2日,十四層,
RPROMLPLQHPFFJB96DA,24,12.85,見其他登記事項,鋼筋混凝土造,85年9月2日,十四層,
RPPOMLOLQHPFFJB66DA,23,67.19,見其他登記事項,鋼筋混凝土造,86年3月18日,十一層,二層
RPPOMLOLQHPFFJB66DA,23,13.96,見其他登記事項,鋼筋混凝土造,86年3月18日,十二層,
RPPOMLRJQHPFFJB76DA,28,85.88,見其他登記事項,鋼筋混凝土造,81年5月15日,六層,三層 見其他登記事項
RPPOMLRJQHPFFJB76DA,28,21.80,見其他登記事項,鋼筋混凝土造,81年5月15日,六層,
RPRNMLTKQHPFFIB07DA,26,92.95,見其他登記事項,鋼筋混凝土造,83年7月8日,十六層,九層
RPRNMLTKQHPFFIB07DA,26,38.90,共有部份,鋼筋混凝土造,83年7月8日,十六層,
RPQVMLOLQHPFFIB37DA,40,54.30,住家用,加強磚造,69年11月20日,二層,一層 二層 電梯樓梯間
RPQVMLOLQHPFFIB37DA,40,54.30,住家用,加強磚造,69年11月20日,二層,一層 二層 電梯樓梯間
RPPPMLKLQHPFFIB88DA,3,110.56,見其他登記事項,鋼筋混凝土造,106年9月25日,二十五層,五層
RPPPMLKLQHPFFIB88DA,3,80.87,見其他登記事項,鋼筋混凝土造,106年9月25日,二十五層,
RPPPMLKLQHPFFIB88DA,3,35.56,見其他登記事項,鋼筋混凝土造,106年9月25日,二十五層,
RPOOMLQLQHPFFIB66DA,23,97.84,見其他登記事項,鋼筋混凝土造,86年7月5日,十二層,十一層
RPOOMLQLQHPFFIB66DA,23,20.07,見其他登記事項,鋼筋混凝土造,86年7月5日,十二層,
RPRQMLLMPHPFFJB76DA,41,103.28,住家用,加強磚造,68年2月20日,二層,一層 二層
RPSOMLPLQHPFFIB96DA,3,87.34,見其他登記事項,鋼筋混凝土造,106年9月25日,二十五層,十四層
RPSOMLPLQHPFFIB96DA,3,45.79,見其他登記事項,鋼筋混凝土造,106年9月25日,二十五層,
RPSOMLPLQHPFFIB96DA,3,28.06,見其他登記事項,鋼筋混凝土造,106年9月25日,二十五層,
RPVNMLRLQHPFFIB37DA,3,115.03,見其他登記事項,鋼筋混凝土造,106年12月25日,七層,四層
RPVNMLRLQHPFFIB37DA,3,81.67,見其他登記事項,鋼筋混凝土造,106年12月25日,七層,
RPPNMLRLQHPFFJB86DA,,87.57,見其他登記事項,鋼筋混凝土造,109年4月7日,十八層,七層
RPPNMLRLQHPFFJB86DA,,77.10,見其他登記事項,鋼筋混凝土造,109年4月7日,十八層,
RPTNMLRLQHPFFIB17DA,4,113.80,見其他登記事項,鋼筋混凝土造,105年1月8日,十五層,七層
RPTNMLRLQHPFFIB17DA,4,70.88,見其他登記事項,鋼筋混凝土造,105年1月8日,十五層,
RPTNMLRLQHPFFIB17DA,4,32.26,見其他登記事項,鋼筋混凝土造,105年1月8日,十五層,
RPQNMLRLQHPFFJB96DA,,87.07,見其他登記事項,鋼筋混凝土造,109年4月7日,十八層,二層
RPQNMLRLQHPFFJB96DA,,76.86,見其他登記事項,鋼筋混凝土造,109年4月7日,十八層,
RPSNMLQLQHPFFJB07DA,41,43.47,住家用,加強磚造,68年6月10日,二層,一層 二層
RPVNMLNKPHPFFKB96DA,27,205.97,住商用,鋼筋混凝土造,82年6月5日,七層,一層 二層
RPVNMLNKPHPFFKB96DA,27,68.37,見其他登記事項,鋼筋混凝土造,82年6月5日,七層,
RPUNMLQLQHPFFJB27DA,21,8.06,見其他登記事項,鋼筋混凝土造,88年9月9日,十層,
RPUNMLQLQHPFFJB27DA,21,13.93,住家用,鋼筋混凝土造,88年9月9日,十層,六層
RPRNMLQLQHPFFKB07DA,41,110.36,住商用,加強磚造,68年8月16日,二層,一層 二層 電梯樓梯間
RPOOMLRLQHPFFAB68EA,26,23.31,住家用,鋼筋混凝土造,84年1月13日,十九層,十七層
RPOOMLRLQHPFFAB68EA,26,3.60,共有部份,鋼筋混凝土造,84年1月13日,十九層,
RPOOMLRLQHPFFAB68EA,26,8.82,見其他登記事項,鋼筋混凝土造,84年1月13日,十九層,
RPROMLQLQHPFFAB88EA,26,.68,住家用,鋼筋混凝土造,83年12月13日,十五層,四層
RPROMLQLQHPFFAB88EA,26,.68,住家用,鋼筋混凝土造,83年12月13日,十五層,四層
RPROMLQLQHPFFAB88EA,26,78.04,住家用,鋼筋混凝土造,83年12月13日,十五層,四層
RPROMLQLQHPFFAB88EA,26,13.12,共有部份,鋼筋混凝土造,83年12月13日,十五層,
RPROMLQLQHPFFAB88EA,26,17.09,見其他登記事項,鋼筋混凝土造,83年12月13日,十五層,
RPVTMLQLQHPFFCB37EA,25,.60,商業用,鋼筋混凝土造,84年5月25日,二十三層,十一層
RPVTMLQLQHPFFCB37EA,25,119.20,住家用,鋼筋混凝土造,84年5月25日,二十三層,十七層
RPVTMLQLQHPFFCB37EA,25,5.58,共有部份,鋼筋混凝土造,84年5月25日,二十三層,
RPVTMLQLQHPFFCB37EA,25,72.53,共有部份,鋼筋混凝土造,84年5月25日,二十三層,
RPPPMLPLQHPFFAB68EA,34,31.29,見其他登記事項,鋼筋混凝土造,75年10月15日,十二層,
RPPPMLPLQHPFFAB68EA,34,343.85,見其他登記事項,鋼筋混凝土造,75年10月15日,十二層,夾層 地下層
RPPPMLPLQHPFFAB68EA,34,211.03,商業用,鋼筋混凝土造,75年10月15日,十二層,一層 騎樓
RPSOMLQLQHPFFAB98EA,22,64.99,商業用,鋼筋混凝土造,87年7月31日,十四層,一層 騎樓 夾層
RPSOMLQLQHPFFAB98EA,22,23.89,共有部份,鋼筋混凝土造,87年7月31日,十四層,
RPSOMLQLQHPFFAB98EA,22,15.01,共有部份,鋼筋混凝土造,87年7月31日,十四層,
RPVVMLQLQHPFFCB57EA,30,148.88,商業用,鋼筋混凝土造,79年6月28日,十二層,十層
RPVVMLQLQHPFFCB57EA,30,148.88,商業用,鋼筋混凝土造,79年6月28日,十二層,十層
RPVVMLQLQHPFFCB57EA,30,22.78,共有部份,鋼筋混凝土造,79年6月28日,十二層,
RPVVMLQLQHPFFCB57EA,30,22.78,共有部份,鋼筋混凝土造,79年6月28日,十二層,
RPRQMLRLQHPFFCB76EA,36,147.45,住家用,加強磚造,73年8月6日,二層,一層 二層 夾層
RPPPMLPLQHPFFCB88EA,14,56.16,住家用,鋼筋混凝土造,95年11月13日,二十八層,十二層
RPPPMLPLQHPFFCB88EA,14,55.04,見其他登記事項,鋼筋混凝土造,95年11月13日,二十八層,
RPQWMLQLQHPFFCB17EA,6,113.88,住家用,鋼骨鋼筋混凝土造,103年8月5日,三十八層,二十七層
RPQWMLQLQHPFFCB17EA,6,113.88,住家用,鋼骨鋼筋混凝土造,103年8月5日,三十八層,二十七層
RPQWMLQLQHPFFCB17EA,6,84.90,見其他登記事項,鋼骨鋼筋混凝土造,103年8月5日,三十八層,
RPQWMLQLQHPFFCB17EA,6,84.90,見其他登記事項,鋼骨鋼筋混凝土造,103年8月5日,三十八層,
RPXOMLPLQHPFFCB96EA,26,24.49,共有部份,鋼筋混凝土造,83年8月25日,十五層,
RPXOMLPLQHPFFCB96EA,26,86.00,住家用,鋼筋混凝土造,83年8月25日,十五層,十層
RPROMLRLQHPFFBB09EA,26,23.31,住家用,鋼筋混凝土造,83年7月23日,六層,四層
RPROMLRLQHPFFBB09EA,26,8.67,共有部份,鋼筋混凝土造,83年7月23日,六層,
RPPOMLRLQHPFFBB88EA,41,65.18,住家用,鋼筋混凝土造,68年8月21日,五層,四層
RPQNMLLJRHPFFGB68EA,31,509.95,工業用,鋼造,77年11月20日,一層,一層
RPWPMLOKQHPFFAB09DA,21,152.66,共有部份,鋼筋混凝土造,88年12月8日,二十五層,
RPWPMLOKQHPFFAB09DA,21,307.84,住家用,鋼筋混凝土造,88年12月8日,二十五層,十四層
RPSOMLLLQHPFFAB38DA,,101.32,見其他登記事項,鋼筋混凝土造,109年5月19日,九層,七層
RPSOMLLLQHPFFAB38DA,,78.29,見其他登記事項,鋼筋混凝土造,109年5月19日,九層,
RPROMLLLQHPFFAB28DA,,94.77,見其他登記事項,鋼筋混凝土造,109年5月19日,九層,六層
RPROMLLLQHPFFAB28DA,,75.26,見其他登記事項,鋼筋混凝土造,109年5月19日,九層,
RPVNMLLLQHPFFAB58DA,,101.32,見其他登記事項,鋼筋混凝土造,109年5月19日,九層,六層
RPVNMLLLQHPFFAB58DA,,78.29,見其他登記事項,鋼筋混凝土造,109年5月19日,九層,
RPSNMLLLQHPFFAB28DA,,101.32,見其他登記事項,鋼筋混凝土造,109年5月19日,九層,四層
RPSNMLLLQHPFFAB28DA,,78.29,見其他登記事項,鋼筋混凝土造,109年5月19日,九層,
RPWOMLLLQHPFFAB78DA,,94.77,見其他登記事項,鋼筋混凝土造,109年5月19日,九層,八層
RPWOMLLLQHPFFAB78DA,,106.52,見其他登記事項,鋼筋混凝土造,109年5月19日,九層,
RPQOMLLLQHPFFAB18DA,,94.77,見其他登記事項,鋼筋混凝土造,109年5月19日,九層,五層
RPQOMLLLQHPFFAB18DA,,75.26,見其他登記事項,鋼筋混凝土造,109年5月19日,九層,
RPOPMLLLQHPFFAB08DA,,101.32,見其他登記事項,鋼筋混凝土造,109年5月19日,九層,五層
RPOPMLLLQHPFFAB08DA,,78.29,見其他登記事項,鋼筋混凝土造,109年5月19日,九層,
RPVOMLQLQHPFFAB56DA,28,5.98,見其他登記事項,鋼筋混凝土造,81年11月20日,十四層,地下層
RPVOMLQLQHPFFAB56DA,28,47.39,住家用,鋼筋混凝土造,81年11月20日,十四層,九層
RPVOMLQLQHPFFAB56DA,28,3.02,共有部份,鋼筋混凝土造,81年11月20日,十四層,
RPTQMLQLQHPFFAB56DA,1,159.36,見其他登記事項,鋼筋混凝土造,109年1月15日,五層,一層 二層 三層 四層 五層 見其他登記事項
RPTQMLQLQHPFFAB56DA,1,159.36,見其他登記事項,鋼筋混凝土造,109年1月15日,五層,一層 二層 三層 四層 五層 見其他登記事項
RPPNMLRLQHPFFAB58DA,36,.16,見其他登記事項,鋼筋混凝土造,73年4月23日,七層,一層
RPPNMLRLQHPFFAB58DA,36,97.67,見其他登記事項,鋼筋混凝土造,73年4月30日,五層,五層
RPTOMLOJQHPFFBB68DA,38,37.70,住家用,鋼筋混凝土造,71年11月29日,五層,四層
RPTOMLOJQHPFFBB68DA,38,37.70,住家用,鋼筋混凝土造,71年11月29日,五層,四層
RPSUMLLKQHPFFBB98DA,,93.91,見其他登記事項,鋼筋混凝土造,108年11月22日,十五層,四層
RPSUMLLKQHPFFBB98DA,,80.25,見其他登記事項,鋼筋混凝土造,108年11月22日,十五層,
RPSPMLQJQHPFFBB88DA,1,94.64,見其他登記事項,鋼筋混凝土造,108年11月22日,十五層,三層
RPSPMLQJQHPFFBB88DA,1,79.95,見其他登記事項,鋼筋混凝土造,108年11月22日,十五層,
RPRUMLQJQHPFFBB66DA,26,33.36,住家用,鋼筋混凝土造,83年12月14日,十七層,十四層
RPRUMLQJQHPFFBB66DA,26,33.36,住家用,鋼筋混凝土造,83年12月14日,十七層,十四層
RPRUMLQJQHPFFBB66DA,26,13.94,共有部份,鋼筋混凝土造,83年12月14日,十七層,
RPRUMLQJQHPFFBB66DA,26,13.94,共有部份,鋼筋混凝土造,83年12月14日,十七層,
RPTNMLOKQHPFFBB68DA,1,91.01,見其他登記事項,鋼筋混凝土造,108年11月22日,十五層,七層
RPTNMLOKQHPFFBB68DA,1,78.77,見其他登記事項,鋼筋混凝土造,108年11月22日,十五層,
RPWSNLLKQHPFFBB66DA,1,91.01,見其他登記事項,鋼筋混凝土造,108年11月22日,十五層,六層
RPWSNLLKQHPFFBB66DA,1,78.77,見其他登記事項,鋼筋混凝土造,108年11月22日,十五層,
RPQNMLOKQHPFFBB38DA,,47.24,住家用,磚造,58年8月15日,一層,一層
RPQNMLOKQHPFFBB38DA,,46.26,住家用,鋼筋混凝土加強磚造,58年6月15日,一層,一層
RPTQMLOJQHPFFBB88DA,,.05,見其他登記事項,鋼筋混凝土造,84年5月16日,十九層,地下二層
RPTQMLOJQHPFFBB88DA,,.05,見其他登記事項,鋼筋混凝土造,84年5月16日,十九層,地下二層
RPTQMLOJQHPFFBB88DA,,.08,見其他登記事項,鋼筋混凝土造,84年5月16日,十九層,地下三層
RPTQMLOJQHPFFBB88DA,,.08,見其他登記事項,鋼筋混凝土造,84年5月16日,十九層,地下三層
RPTQMLOJQHPFFBB88DA,,.97,商業用,鋼筋混凝土造,84年5月16日,十九層,四層
RPTQMLOJQHPFFBB88DA,,.97,商業用,鋼筋混凝土造,84年5月16日,十九層,四層
RPTQMLOJQHPFFBB88DA,,52.24,住家用,鋼筋混凝土造,84年5月16日,十九層,十四層
RPTQMLOJQHPFFBB88DA,,52.24,住家用,鋼筋混凝土造,84年5月16日,十九層,十四層
RPTQMLOJQHPFFBB88DA,,21.26,共有部份,鋼筋混凝土造,84年5月16日,十九層,
RPTQMLOJQHPFFBB88DA,,21.26,共有部份,鋼筋混凝土造,84年5月16日,十九層,
RPXPMLNKQHPFFBB56DA,25,48.87,住家用,鋼筋混凝土造,84年6月14日,八層,三層
RPXPMLNKQHPFFBB56DA,25,25.40,共有部份,鋼筋混凝土造,84年6月14日,八層,
RPRPMLKLQHPFFBB38DA,2,184.09,見其他登記事項,鋼筋混凝土造,107年6月27日,二十五層,十八層
RPRPMLKLQHPFFBB38DA,2,47.09,見其他登記事項,鋼筋混凝土造,107年6月27日,二十五層,
RPSNMLQLQHPFFBB88DA,40,31.54,住家用,鋼筋混凝土造,69年11月19日,八層,四層
RPRPMLKLQHPFFBB38DA,2,96.89,見其他登記事項,鋼筋混凝土造,107年6月27日,二十五層,
RPXNMLQLQHPFFBB76DA,7,445.46,見其他登記事項,鋼筋混凝土造,102年7月3日,四層,一層 二層 三層 四層 騎樓 見其他登記事項
RPVOMLQLQHPFFBB66DA,25,16.52,商業用,鋼筋混凝土造,84年5月2日,十二層,九層
RPVOMLQLQHPFFBB66DA,25,8.20,共有部份,鋼筋混凝土造,84年5月2日,十二層,
RPUNMLLLQHPFFBB58DA,7,83.98,住家用,鋼筋混凝土造,102年9月25日,十二層,九層
RPUNMLLLQHPFFBB58DA,7,48.90,見其他登記事項,鋼筋混凝土造,102年9月25日,十五層,
RPUNMLLLQHPFFBB58DA,7,22.02,見其他登記事項,鋼筋混凝土造,102年9月25日,十五層,
RPOUMLPKPHPFFCB98DA,14,80.53,住家用,鋼筋混凝土造,95年2月22日,十四層,九層
RPOUMLPKPHPFFCB98DA,14,55.99,見其他登記事項,鋼筋混凝土造,95年2月22日,十四層,
RPSRMLQLQHPFFBB66DA,1,218.67,見其他登記事項,鋼筋混凝土造,108年11月8日,四層,一層 二層 三層 四層
RPORMLPJQHPFFCB68DA,,304.69,住家用,鋼筋混凝土造,100年1月21日,三十五層,二十六層
RPORMLPJQHPFFCB68DA,,88.15,見其他登記事項,鋼筋混凝土造,100年1月21日,三十五層,
RPORMLPJQHPFFCB68DA,,114.35,見其他登記事項,鋼筋混凝土造,100年1月21日,三十五層,
RPPPMLMKQHPFFCB38DA,1,155.68,見其他登記事項,鋼筋混凝土造,108年1月19日,二十四層,十五層
RPPPMLMKQHPFFCB38DA,1,105.92,見其他登記事項,鋼筋混凝土造,108年1月19日,二十四層,
RPPPMLMKQHPFFCB38DA,1,28.49,見其他登記事項,鋼筋混凝土造,108年1月19日,二十四層,
RPUTMLOJQHPFFCB76DA,26,111.64,住家用,鋼筋混凝土造,84年1月7日,二十四層,二層
RPUTMLOJQHPFFCB76DA,26,18.94,共有部份,鋼筋混凝土造,84年1月7日,二十四層,
RPUTMLOJQHPFFCB76DA,26,13.37,共有部份,鋼筋混凝土造,84年1月7日,二十四層,
RPSNMLOLQHPFFCB78DA,29,108.34,商業用,鋼筋混凝土造,80年9月30日,七層,六層
RPSNMLOLQHPFFCB78DA,29,31.08,共有部份,鋼筋混凝土造,80年9月30日,七層,
RPWRMLKLQHPFFCB56DA,3,92.33,見其他登記事項,鋼筋混凝土造,106年3月15日,十五層,五層
RPWRMLKLQHPFFCB56DA,3,80.03,見其他登記事項,鋼筋混凝土造,106年3月15日,十五層,
RPPSMLOLQHPFFCB98DA,10,57.71,住家用,鋼筋混凝土造,99年2月1日,十二層,二層
RPPSMLOLQHPFFCB98DA,10,21.29,見其他登記事項,鋼筋混凝土造,99年2月1日,十二層,
RPPSMLOLQHPFFCB98DA,10,40.37,見其他登記事項,鋼筋混凝土造,99年2月1日,十二層,
RPVRMLTKQHPFFCB27DA,1,235.44,見其他登記事項,鋼筋混凝土造,108年11月1日,四層,一層 二層 三層 四層 見其他登記事項
RPOSMLNLQHPFFCB78DA,23,.90,見其他登記事項,鋼筋混凝土造,86年1月18日,二十一層,一層
RPOSMLNLQHPFFCB78DA,23,104.45,見其他登記事項,鋼筋混凝土造,86年1月18日,二十一層,十八層
RPOSMLNLQHPFFCB78DA,23,.47,共有部份,鋼筋混凝土造,86年1月18日,二十一層,
RPOSMLNLQHPFFCB78DA,23,48.55,共有部份,鋼筋混凝土造,86年1月18日,二十一層,
RPSNMLSLQHPFFGB96DA,1,86.39,見其他登記事項,鋼筋混凝土造,108年12月12日,四層,一層 二層 三層 四層
RPSNMLSLQHPFFGB96DA,1,86.39,見其他登記事項,鋼筋混凝土造,108年12月12日,四層,一層 二層 三層 四層
RPSNMLSLQHPFFGB96DA,1,86.39,見其他登記事項,鋼筋混凝土造,108年12月12日,四層,一層 二層 三層 四層
RPQNMLRLQHPFFHB76DA,46,129.00,住家用,鋼筋混凝土加強磚造,63年11月27日,二層,一層 二層
RPUOMLNKPHPFFHB66DA,29,505.18,農舍,加強磚造,80年9月10日,二層,一層 二層
RPUNMLQLQHPFFHB07DA,24,.76,住家用,鋼筋混凝土造,85年9月13日,十層,四層
RPUNMLQLQHPFFHB07DA,24,92.33,住家用,鋼筋混凝土造,85年9月13日,十層,七層
RPUNMLQLQHPFFHB07DA,24,18.36,共有部份,鋼筋混凝土造,85年9月13日,十層,
RPUNMLQLQHPFFHB07DA,24,34.87,共有部份,鋼筋混凝土造,85年9月13日,十層,
RPQNMLRLQHPFFCB88DA,13,18.91,住家用,鋼筋混凝土造,97年1月31日,七層,五層
RPQNMLRLQHPFFCB88DA,13,5.84,見其他登記事項,鋼筋混凝土造,97年1月31日,七層,
RPQNMLRLQHPFFCB88DA,13,6.61,見其他登記事項,鋼筋混凝土造,97年1月31日,七層,
RPVRNLQLQHPFFCB17DA,26,20.48,住家用,鋼筋混凝土造,83年6月10日,七層,六層
RPVRNLQLQHPFFCB17DA,26,10.34,共有部份,鋼筋混凝土造,83年6月10日,七層,
RPOPMLKMOHPFFDB18DA,32,89.88,住家用,鋼筋混凝土造,77年9月12日,五層,四層
RPOPMLKMOHPFFDB18DA,32,14.80,共有部份,鋼筋混凝土造,77年9月12日,五層,
RPOOMLOKQHPFFDB48DA,,83.85,見其他登記事項,鋼筋混凝土造,109年1月31日,十二層,六層
RPOOMLOKQHPFFDB48DA,,68.72,見其他登記事項,鋼筋混凝土造,109年1月31日,十二層,
RPQOMLOKQHPFFDB68DA,1,84.23,見其他登記事項,鋼筋混凝土造,109年1月31日,十二層,六層
RPQOMLOKQHPFFDB68DA,1,64.83,見其他登記事項,鋼筋混凝土造,109年1月31日,十二層,
RPROMLOKQHPFFDB78DA,,82.40,見其他登記事項,鋼筋混凝土造,109年1月31日,十二層,七層
RPROMLOKQHPFFDB78DA,,68.07,見其他登記事項,鋼筋混凝土造,109年1月31日,十二層,
RPWNMLNLPHPFFDB09DA,24,116.77,住家用,鋼筋混凝土造,85年2月2日,八層,三層
RPWNMLNLPHPFFDB09DA,24,30.10,共有部份,鋼筋混凝土造,85年2月2日,八層,
RPWNMLNLPHPFFDB09DA,24,19.90,共有部份,鋼筋混凝土造,85年2月2日,八層,
