編號,車位類別,車位價格,車位面積(平方公尺),車位所在樓層
Serial number,berth category,berth price,berth area square meter,
RPVPMLNKQHPFFAF66DA,坡道平面,2050000,22.87,地下三樓
RPUOMLSKQHPFFAF96DA,坡道平面,0,32.35,地下二樓
RPPOMLKLQHPFFAF38DA,坡道平面,1500000,36.20,地下三樓
RPPPMLSKQHPFFAF56DA,坡道平面,2050000,28.14,地下二樓
RPSOMLKLQHPFFAF68DA,坡道平面,1800000,33.11,地下二樓
RPQPMLKLQHPFFAF58DA,坡道平面,1800000,33.11,地下二樓
RPVOMLNJQHPFFBF56DA,坡道平面,1950000,29.12,地下三樓
RPORMLQJQHPFFBF09DA,坡道平面,2000000,47.54,地下四樓
RPOQMLNJQHPFFBF68DA,坡道平面,1950000,29.12,地下三樓
RPSOMLMKQHPFFBF88DA,坡道平面,1075000,31.30,地下三樓
RPTNMLMKQHPFFBF88DA,坡道平面,1400000,27.48,地下三樓
RPTSMLOKQHPFFBF96DA,坡道平面,0,15.35,地下一樓
RPTVMLSKQHPFFBF67DA,坡道平面,0,,地下一樓
RPWVMLSKQHPFFBF97DA,坡道平面,0,29.89,地下一樓
RPOUMLTKQHPFFBF17DA,坡道平面,1450000,37.63,地下一樓
RPWNMLTKQHPFFBF27DA,坡道平面,0,38.09,地下二樓
RPVTMLNKQHPFFBF17DA,升降機械,0,,地下一樓
RPQSMLTKQHPFFBF17DA,升降機械,0,,地下一樓
RPUVMLTKQHPFFBF87DA,坡道平面,1450000,37.63,地下一樓
RPOPMLKLQHPFFBF48DA,坡道平面,2000000,49.26,地下二樓
RPVPMLKMPHPFFCF66DA,坡道平面,2750000,25.45,地下五樓含以下
RPWOMLSKQHPFFCF37DA,坡道平面,2130000,27.61,地下四樓
RPTNNLTKQHPFFBF07DA,坡道平面,2400000,15.12,地下一樓
RPUNNLTKQHPFFBF17DA,坡道平面,0,13.23,地下二樓
RPUNNLTKQHPFFBF17DA,坡道平面,0,15.12,地下一樓
RPTNMLSKQHPFFCF96DA,坡道平面,0,,地下一樓
RPSUMLRKQHPFFCF47DA,坡道平面,0,,地下一樓
RPORMLOJQHPFFDF09DA,坡道平面,2200000,39.88,地下三樓
RPPNMLTKQHPFFCF66DA,坡道平面,0,37.08,地下三樓
RPUNMLSKQHPFFDF17DA,坡道平面,0,39.46,地下一樓
RPUNMLSKQHPFFDF17DA,坡道平面,0,55.99,地下一樓
RPUNMLSKQHPFFDF17DA,坡道平面,0,39.46,地下一樓
RPTOMLSKQHPFFDF17DA,坡道平面,0,33.85,地下一樓
RPQOMLTKQHPFFDF96DA,坡道平面,2000000,29.09,地下三樓
RPRPMLSKQHPFFEF17DA,坡道平面,1100000,26.75,地下二樓
RPPPMLRKQHPFFEF86DA,坡道平面,0,,地下二樓
RPPRMLMKQHPFFEF56DA,坡道平面,0,34.62,地下二樓
RPTSMLSKQHPFFEF67DA,坡道平面,0,28.28,地下二樓
RPXOMLTKQHPFFEF77DA,坡道平面,600000,39.80,地下二樓
RPWNMLTKQHPFFEF57DA,坡道平面,0,27.97,地下二樓
RPPPMLTKQHPFFEF07DA,坡道平面,0,25.02,地下二樓
RPUNMLPKQHPFFGF17DA,坡道平面,0,39.78,地下三樓
RPQNMLRKQHPFFHF07DA,坡道平面,1900000,37.71,地下四樓
RPVPMLNKQHPFFHF37DA,坡道平面,0,,地下二樓
RPVOMLNKQHPFFHF27DA,坡道機械,0,,地下二樓
RPPOMLNLPHPFFIF76DA,坡道平面,0,33.12,地下三樓
RPXRMLSKQHPFFHF28DA,坡道平面,2200000,37.63,地下二樓
RPWQMLMKQHPFFIF57DA,坡道平面,0,39.49,地下三樓
RPWQMLMKQHPFFIF57DA,坡道平面,0,39.49,地下三樓
RPPOMLRKQHPFFIF17DA,坡道平面,0,32.70,地下三樓
RPSOMLTKQHPFFIF67DA,坡道平面,0,38.32,地下三樓
RPWPMLSKQHPFFAF37EA,坡道平面,1870000,26.49,地下二樓
RPVVMLTKQHPFFBF08EA,坡道平面,1000000,13.70,地下二樓
RPQQMLSKQHPFFDF17EA,坡道平面,1700000,63.11,地下五樓含以下
RPRQMLSKQHPFFDF27EA,坡道平面,1050000,42.08,地下五樓含以下
RPVOMLSKQHPFFCF37EA,坡道平面,0,34.44,地下二樓
RPSOMLTKQHPFFDF27EA,坡道平面,1350000,30.19,地下一樓
RPROMLTKQHPFFDF17EA,坡道平面,1350000,30.19,地下一樓
RPUOMLTKQHPFFDF47EA,坡道平面,1300000,39.49,地下三樓
RPTOMLTKQHPFFDF37EA,坡道平面,1250000,39.49,地下二樓
RPUPMLTKQHPFFDF57EA,坡道平面,1900000,24.66,地下一樓
RPTOMLLJRHPFFDF56EA,坡道平面,1150000,39.46,地下一樓
RPUOMLLJRHPFFDF66EA,坡道平面,1150000,39.46,地下一樓
RPQPMLTKQHPFFEF27EA,坡道平面,0,42.94,地下三樓
RPSNMLKLQHPFFFF56EA,坡道平面,0,32.14,地下一樓
RPRNMLSKQHPFFGF27EA,坡道機械,1500000,24.45,地下二樓
RPWQMLSKQHPFFHF18EA,坡道平面,1900000,37.71,地下四樓
RPVQMLSKQHPFFHF08EA,坡道平面,1900000,37.71,地下四樓
RPXQMLSKQHPFFHF28EA,坡道平面,1900000,37.71,地下四樓
RPSQMLSKQHPFFHF77EA,坡道平面,1900000,37.71,地下四樓
RPUQMLSKQHPFFHF97EA,坡道平面,1900000,37.71,地下四樓
RPXOMLTKQHPFFHF18EA,坡道平面,0,,地下一樓
RPWRMLSKQHPFFHF28EA,坡道平面,2500000,32.40,地下一樓
RPOPMLTKQHPFFHF37EA,坡道平面,0,,地下一樓
RPQRMLTKQHPFFHF77EA,坡道平面,0,,地下一樓
RPSNMLTKQHPFFIF67EA,升降平面,0,29.75,地下二樓
RPSNMLTKQHPFFIF67EA,升降平面,0,29.75,地下二樓
RPTNMLTKQHPFFIF77EA,升降平面,1250000,29.75,地下二樓
RPSNMLKLQHPFFHF76EA,坡道平面,3200000,25.94,地下一樓
RPUNMLTKQHPFFIF87EA,升降平面,0,29.75,地下二樓
RPUNMLTKQHPFFIF87EA,升降平面,0,29.75,地下二樓
RPUNMLTKQHPFFIF87EA,升降平面,0,29.75,地下二樓
RPXPMLKLQHPFFHF47EA,坡道平面,2400000,35.65,地下三樓
RPWPMLKLQHPFFHF37EA,坡道平面,2400000,35.65,地下三樓
RPVNMLTKQHPFFIF97EA,升降平面,1250000,29.75,地下二樓
RPPNMLTKQHPFFGF17EA,坡道平面,1980000,21.87,地下二樓
RPPOMLKLQHPFFGF09EA,坡道平面,1500000,31.92,地下二樓
RPUOMLKLQHPFFDF66EA,坡道平面,0,29.09,地下四樓
RPXOMLKLQHPFFDF96EA,坡道平面,1000000,36.95,地下三樓
RPOPMLKLQHPFFDF78EA,坡道平面,0,18.99,地下二樓
RPOPMLKLQHPFFDF78EA,坡道平面,0,18.99,地下二樓
RPTNMLKLQHPFFCF98EA,升降平面,0,,一樓
RPRNMLKLQHPFFDF88EA,坡道平面,0,36.95,地下四樓
RPORMLKLQHPFFBF78EA,坡道平面,1400000,32.43,地下二樓
RPPRMLKLQHPFFBF88EA,坡道機械,1200000,12.89,地下三樓
RPRQMLKLQHPFFAF88EA,塔式車位,1400000,14.69,
RPSSMLKLQHPFFBF66EA,坡道平面,1600000,27.11,地下一樓
RPRSMLKLQHPFFBF56EA,坡道平面,0,39.18,地下五樓含以下
RPVOMLKLQHPFFIF17DA,坡道平面,0,20.82,地下三樓
RPUNMLRKQHPFFAF86EA,坡道平面,2150000,38.02,地下二樓
RPPPMLTKQHPFFIF47DA,坡道平面,0,20.82,地下三樓
RPTNMLRKQHPFFAF76EA,坡道平面,2150000,38.02,地下四樓
RPVNMLRKQHPFFAF96EA,坡道平面,2150000,32.48,地下二樓
RPPPMLSKQHPFFIF37DA,坡道平面,0,34.10,地下三樓
RPPPMLSKQHPFFIF37DA,坡道平面,0,34.10,地下三樓
RPVNMLRJQHPFFIF57DA,坡道平面,900000,39.02,地下五樓含以下
RPUOMLRLPHPFFIF67DA,升降平面,1400000,61.91,地下二樓
RPXOMLLKQHPFFHF27DA,坡道平面,0,,地下一樓
RPUPMLTKQHPFFGF77DA,坡道平面,0,,地下一樓
RPXOMLKLQHPFFGF17DA,坡道平面,0,35.68,地下二樓
RPVPMLKLQHPFFGF07DA,坡道平面,0,34.00,地下一樓
RPVQMLNKQHPFFGF37DA,升降平面,1500000,34.29,地下二樓
RPVQMLNKQHPFFGF37DA,升降平面,1500000,34.29,地下一樓
RPOOMLKLQHPFFEF68DA,坡道平面,0,29.19,地下二樓
RPSOMLKLQHPFFEF09DA,坡道機械,0,32.34,地下一樓
RPOSMLTKQHPFFEF27DA,坡道平面,1500000,31.97,地下一樓
RPOSMLTKQHPFFEF27DA,坡道平面,1500000,31.97,地下一樓
RPVNMLKLQHPFFEF66DA,坡道機械,0,10.18,地下二樓
RPXNMLTKQHPFFEF67DA,坡道機械,1100000,22.22,地下三樓
RPOTMLMKQHPFFEF66DA,坡道平面,1100000,26.13,地下三樓
RPOOMLTKQHPFFEF86DA,坡道平面,1900000,44.28,地下二樓
RPXOMLKKQHPFFEF86DA,坡道平面,1200000,30.10,地下三樓
RPOPMLKKQHPFFEF68DA,坡道平面,1200000,30.10,地下三樓
RPRPMLOKPHPFFEF66DA,坡道平面,1200000,23.58,地下二樓
RPPTMLMKQHPFFEF76DA,坡道平面,1200000,30.10,地下三樓
RPWOMLKKQHPFFEF76DA,坡道平面,1300000,30.10,地下二樓
RPRNMLKLQHPFFCF68DA,坡道平面,0,33.99,地下一樓
RPTSMLTLOHPFFCF47DA,坡道平面,0,26.88,地下一樓
RPQTMLKLQHPFFBF09DA,坡道平面,0,19.51,地下二樓
RPOSMLKLQHPFFBF78DA,坡道平面,0,28.60,地下四樓
RPTWMLTKQHPFFBF87DA,坡道平面,2100000,20.38,地下二樓
RPSWMLTKQHPFFBF77DA,坡道平面,1900000,20.38,地下三樓
RPXWMLTKQHPFFBF28DA,坡道平面,1800000,20.38,地下三樓
RPQWMLTKQHPFFBF57DA,坡道平面,1700000,20.38,地下四樓
RPWPMLTKQHPFFBF47DA,坡道平面,2200000,35.64,地下四樓
RPPNMLSKQHPFFBF09DA,坡道平面,2200000,36.80,地下四樓
RPQTMLOKQHPFFBF76DA,坡道平面,2200000,39.97,地下三樓
RPVQMLOKQHPFFBF96DA,坡道平面,0,,地下一樓
RPXNMLSKQHPFFBF27DA,升降平面,0,,地下一樓
RPWSMLRKQHPFFBF57DA,坡道平面,2300000,24.23,地下三樓
RPVSMLRKQHPFFBF47DA,坡道平面,2450000,24.23,地下二樓
RPVSMLRKQHPFFBF47DA,坡道平面,2450000,24.23,地下二樓
RPUQMLLKQHPFFBF56DA,坡道平面,0,26.56,地下四樓
RPSOMLNKQHPFFBF98DA,坡道平面,0,,地下一樓
RPVSMLRJQHPFFBF37DA,坡道平面,2000000,36.80,地下三樓
RPUNMLNLPHPFFBF09DA,坡道平面,0,21.22,地下二樓
RPUNMLNLPHPFFBF09DA,坡道平面,0,21.22,地下二樓
RPROMLSKQHPFFAF66DA,坡道平面,1800000,28.11,地下四樓
RPXSMLRJQHPFFBF57DA,坡道平面,2200000,31.65,地下三樓
RPPPMLKMPHPFFBF58DA,坡道平面,0,35.08,地下一樓
RPVTMLTKQHPFFAF67DA,坡道平面,2350000,22.00,地下一樓
RPSRMLLKQHPFFAF98DA,坡道機械,0,18.02,地下四樓
RPWPMLPJQHPFFAF86DA,坡道平面,0,,地下三樓
RPPPMLMKQHPFFAF58DA,坡道平面,2150000,39.63,地下三樓
RPTOMLKLQHPFFAF78DA,坡道平面,1700000,34.41,地下三樓
RPSTMLKLPHPFFBF56DA,坡道平面,2100000,24.23,地下四樓
RPQOMLOLQHPFFAF88DA,坡道平面,0,36.10,地下三樓
RPPNMLMLQHPFFAF48DA,坡道平面,2000000,20.88,地下一樓
RPUTMLKLPHPFFBF76DA,坡道平面,2300000,24.23,地下二樓
RPSQMLKLQHPFFAF88DA,坡道平面,0,38.10,地下二樓
RPVTMLKLPHPFFBF86DA,坡道平面,2100000,24.23,地下四樓
RPUSMLKLPHPFFBF66DA,坡道平面,2000000,24.23,地下四樓
RPTTMLKLPHPFFBF66DA,坡道平面,2200000,22.57,地下三樓
RPTUMLKLPHPFFBF76DA,坡道平面,2500000,22.57,地下二樓
RPWTMLKLPHPFFBF96DA,坡道平面,1800000,24.23,地下四樓
RPOUMLKLPHPFFBF88DA,坡道平面,2300000,24.23,地下二樓
RPRRMLOLPHPFFBF66DA,坡道平面,1800000,21.47,地下三樓
RPRUMLKLPHPFFBF56DA,坡道平面,2100000,22.57,地下四樓
RPXOMLOLPHPFFBF96DA,塔式車位,0,,
RPTNMLPLPHPFFBF56DA,坡道平面,2100000,24.23,地下三樓
RPSNMLPLPHPFFBF09DA,坡道平面,2000000,24.23,地下四樓
RPTOMLPLPHPFFBF66DA,坡道平面,2000000,24.23,地下三樓
RPRPMLLLPHPFFBF78DA,坡道平面,2300000,24.23,地下三樓
RPRQMLMLPHPFFBF98DA,坡道平面,1900000,24.23,地下四樓
RPOQMLMLPHPFFBF68DA,坡道平面,2000000,24.23,地下三樓
RPUNMLLMPHPFFBF98DA,坡道平面,1770000,40.60,地下三樓
RPXNMLLMPHPFFBF66DA,坡道平面,1700000,40.60,地下三樓
RPWTMLLLPHPFFBF07DA,坡道平面,2000000,24.23,地下四樓
RPUNMLPLPHPFFBF66DA,坡道平面,2100000,24.23,地下三樓
RPSSMLNJQHPFFBF66DA,坡道平面,2050000,38.49,地下二樓
RPOUMLLMPHPFFBF09DA,坡道平面,1800000,40.60,地下二樓
RPQPMLRJQHPFFBF56DA,坡道平面,1850000,40.60,地下三樓
RPOOMLPJQHPFFBF68DA,坡道平面,1900000,21.47,地下二樓
RPRPMLRJQHPFFBF66DA,坡道平面,1800000,40.60,地下三樓
RPOPMLRJQHPFFBF98DA,坡道平面,1500000,34.99,地下二樓
RPSRMLRJQHPFFBF96DA,坡道平面,2200000,24.23,地下三樓
RPTRMLRJQHPFFBF07DA,坡道平面,2300000,24.23,地下二樓
RPQSMLMLPHPFFBF09DA,坡道平面,2300000,24.23,地下三樓
RPXOMLNJQHPFFBF76DA,坡道平面,1770000,40.60,地下三樓
RPURMLRJQHPFFBF17DA,坡道平面,2200000,24.23,地下三樓
RPVRMLRJQHPFFBF27DA,坡道平面,2300000,22.57,地下三樓
RPWRMLRJQHPFFBF37DA,坡道平面,2400000,22.57,地下二樓
RPSPMLRJQHPFFBF76DA,坡道平面,1650000,40.60,地下三樓
RPXRMLRJQHPFFBF47DA,坡道平面,2100000,24.23,地下四樓
RPSNMLNKQHPFFBF88DA,坡道平面,2650000,44.62,地下二樓
RPPTMLRKQHPFFBF96DA,坡道平面,2000000,24.23,地下四樓
RPXSMLRKQHPFFBF67DA,坡道平面,2100000,24.23,地下四樓
RPOTMLRKQHPFFBF86DA,坡道平面,2000000,24.23,地下四樓
RPRTMLRKQHPFFBF17DA,坡道平面,2000000,22.57,地下四樓
RPQTMLRKQHPFFBF07DA,坡道平面,1800000,24.23,地下四樓
RPTTMLRKQHPFFBF37DA,坡道平面,2200000,24.23,地下三樓
RPUTMLRKQHPFFBF47DA,坡道平面,1900000,24.23,地下四樓
RPPUMLRKQHPFFBF07DA,坡道平面,2100000,24.23,地下四樓
RPOUMLRKQHPFFBF96DA,坡道平面,2500000,24.23,地下二樓
RPVUMLRKQHPFFBF67DA,坡道平面,2000000,24.23,地下四樓
RPRVMLRKQHPFFBF37DA,坡道平面,1900000,24.23,地下四樓
RPSUMLRKQHPFFBF37DA,坡道平面,2200000,22.57,地下三樓
RPOSMLOKQHPFFBF09DA,升降機械,1200000,13.22,地下二樓
RPOWMLRKQHPFFBF17DA,坡道平面,2100000,24.23,地下三樓
RPOWMLRKQHPFFBF17DA,坡道平面,2100000,24.23,地下三樓
RPXVMLRKQHPFFBF97DA,坡道平面,1900000,24.23,地下四樓
RPQTMLNKQHPFFBF66DA,坡道平面,1500000,22.73,地下四樓
RPQTMLNKQHPFFBF66DA,坡道平面,1500000,22.73,地下四樓
RPUPMLTKQHPFFBF27DA,坡道平面,1850000,27.79,地下三樓
RPSPMLTKQHPFFBF07DA,坡道平面,2000000,27.79,地下二樓
RPSPMLTKQHPFFBF07DA,坡道平面,1900000,27.79,地下二樓
RPUSMLKLQHPFFBF76DA,坡道平面,0,21.84,地下三樓
RPUSMLKLQHPFFBF76DA,坡道平面,0,21.84,地下三樓
RPSNNLTKQHPFFBF96DA,坡道平面,2250000,42.03,地下三樓
RPXOMLLLQHPFFBF76DA,塔式車位,0,12.49,地下一樓
RPTPMLLLQHPFFBF09DA,坡道平面,0,,地下一樓
RPTPMLLLQHPFFBF09DA,坡道平面,0,,地下一樓
RPWOMLTKQHPFFBF37DA,坡道平面,0,24.16,地下四樓
RPUWMLKLQHPFFBF17DA,坡道平面,0,32.43,地下四樓
RPTRMLKLQHPFFBF56DA,坡道平面,2450000,49.12,地下二樓
RPPOMLOLQHPFFBF88DA,坡道平面,1950000,26.59,地下二樓
RPQPMLKLQHPFFBF68DA,坡道平面,2000000,27.08,地下一樓
RPQNMLOLQHPFFCF98DA,坡道平面,2300000,25.66,地下四樓
RPRRMLKLQHPFFBF98DA,坡道平面,2200000,49.12,地下四樓
RPSNMLOLQHPFFCF56DA,坡道機械,0,16.79,地下一樓
RPPOMLTKQHPFFCF76DA,坡道平面,0,,地下二樓
RPVPMLKLPHPFFEF76DA,坡道平面,1050000,26.82,地下三樓
RPWNMLKLQHPFFEF76DA,坡道平面,0,,地下三樓
RPQSMLQJQHPFFEF07DA,坡道平面,1550000,34.17,地下三樓
RPSPMLKLQHPFFEF56DA,坡道平面,1300000,25.02,地下三樓
RPTPMLKLQHPFFEF66DA,坡道平面,1300000,25.02,地下三樓
RPRPMLLLQHPFFEF56DA,坡道機械,0,15.42,地下五樓含以下
RPRPMLKLQHPFFEF09DA,坡道平面,1300000,25.02,地下三樓
RPUPMLKLQHPFFEF76DA,坡道平面,1300000,25.02,地下三樓
RPVPMLKLQHPFFEF86DA,坡道平面,1300000,25.02,地下三樓
RPXOMLRLPHPFFGF77DA,坡道平面,2000000,47.54,地下三樓
RPWOMLLLQHPFFEF96DA,坡道平面,1300000,26.54,地下三樓
RPRNMLPKQHPFFGF86DA,坡道平面,0,43.29,地下一樓
RPXQMLSKQHPFFGF08DA,坡道平面,0,31.17,地下二樓
RPVTMLKLQHPFFGF47DA,坡道平面,2300000,33.58,地下一樓
RPPPMLLLQHPFFGF56DA,坡道平面,0,35.35,地下一樓
RPPNMLOJQHPFFHF56DA,坡道平面,2280000,41.79,地下二樓
RPRPMLRLPHPFFHF37DA,坡道平面,0,33.07,地下二樓
RPXQMLLLQHPFFGF47DA,坡道平面,1900000,39.50,地下四樓
RPVOMLSLPHPFFHF77DA,坡道機械,0,15.64,地下一樓
RPVOMLSLPHPFFHF77DA,坡道機械,0,15.64,地下一樓
RPVOMLSLPHPFFHF77DA,坡道機械,0,15.64,地下一樓
RPVOMLSLPHPFFHF77DA,坡道機械,0,15.64,地下一樓
RPTQMLLKQHPFFHF07DA,坡道平面,2100000,26.51,地下四樓
RPSQMLLKQHPFFHF96DA,坡道平面,2200000,29.82,地下三樓
RPVQMLLKQHPFFHF27DA,坡道平面,2300000,29.82,地下四樓
RPWQMLLKQHPFFHF37DA,坡道平面,2200000,29.82,地下四樓
RPTNMLLLQHPFFIF96DA,坡道平面,0,26.13,地下一樓
RPUPMLMLPHPFFIF27DA,坡道平面,0,40.50,地下五樓含以下
RPUPMLMLPHPFFIF27DA,坡道平面,0,40.50,地下五樓含以下
RPSNMLLLQHPFFIF86DA,坡道平面,1350000,27.32,地下二樓
RPQQMLRKQHPFFAF76EA,坡道平面,2050000,38.02,地下四樓
RPWNMLRKQHPFFAF07EA,坡道平面,2050000,38.02,地下四樓
RPRQMLRKQHPFFAF86EA,坡道平面,2150000,32.48,地下二樓
RPQNMLOLQHPFFBF98EA,升降平面,1700000,42.53,地下二樓
RPWWMLLLQHPFFAF47EA,坡道平面,2500000,40.57,地下三樓
RPSQMLRKQHPFFAF96EA,坡道平面,2150000,32.48,地下二樓
RPSNMLLLQHPFFBF88EA,坡道平面,2300000,24.23,地下三樓
RPPPMLLLQHPFFDF98EA,坡道平面,1150000,43.30,地下五樓含以下
RPWOMLLLQHPFFDF96EA,坡道機械,1000000,,地下一樓
RPPPMLTKQHPFFDF07EA,坡道平面,1050000,42.08,地下五樓含以下
RPRNMLLLQHPFFEF09EA,坡道平面,1400000,33.30,地下三樓
RPVOMLKLQHPFFEF86EA,坡道平面,1100000,,地下二樓
RPPOMLOLQHPFFDF56EA,坡道平面,0,35.96,地下二樓
RPVOMLLLQHPFFDF86EA,升降機械,0,33.10,地下一樓
RPOPMLLLQHPFFDF88EA,坡道平面,0,36.95,地下二樓
RPSNMLLLQHPFFEF56EA,坡道平面,0,29.92,地下三樓
RPQNMLLLQHPFFGF56EA,坡道平面,0,51.26,地下一樓
RPXOMLLLQHPFFGF37EA,坡道平面,1800000,25.77,地下一樓
RPSOMLLLQHPFFGF86EA,坡道平面,0,23.39,地下二樓
RPSOMLLLQHPFFGF86EA,坡道平面,0,23.39,地下二樓
RPQNMLTKQHPFFHF37EA,坡道平面,1450000,19.98,地下一樓
RPTOMLLLQHPFFGF96EA,坡道平面,0,23.39,地下三樓
RPTOMLLLQHPFFGF96EA,坡道平面,0,23.39,地下三樓
RPWNMLLLQHPFFGF17EA,坡道平面,0,,地下三樓
RPPSMLLLQHPFFHF07EA,坡道平面,2420000,27.42,地下五樓含以下
RPSSMLLLQHPFFHF37EA,坡道平面,1680000,32.84,地下二樓
RPWOMLTKQHPFFIF18EA,坡道平面,1500000,36.28,地下一樓
RPQNMLOLQHPFFHF96EA,坡道平面,1635000,29.13,地下二樓
RPQNMLOLQHPFFHF96EA,坡道平面,1635000,29.13,地下二樓
RPTNMLOLQHPFFHF27EA,坡道平面,0,39.59,地下二樓
RPVPMLOLQHPFFHF67EA,坡道平面,0,43.71,地下一樓
RPPQMLLLQHPFFGF76EA,升降機械,1300000,23.20,地下二樓
RPQQMLLLQHPFFGF86EA,塔式車位,1300000,,
RPRRMLLLQHPFFGF07EA,坡道平面,1600000,40.93,地下二樓
RPQRMLLLQHPFFGF96EA,坡道平面,1500000,40.93,地下三樓
RPQSMLLLQHPFFGF07EA,坡道機械,1100000,11.27,地下二樓
RPUNMLLLQHPFFGF96EA,坡道平面,1780000,25.36,地下三樓
RPTRMLLLQHPFFGF27EA,坡道平面,1600000,40.93,地下二樓
RPSRMLLLQHPFFGF17EA,坡道平面,1700000,40.93,地下一樓
RPPRMLLLQHPFFGF86EA,坡道平面,1600000,40.93,地下二樓
RPXRMLPLQHPFFEF87EA,坡道平面,1300000,25.69,地下一樓
RPURMLLLQHPFFGF37EA,坡道平面,1600000,40.93,地下二樓
RPOVMLPLQHPFFDF27EA,坡道平面,1800000,31.47,地下二樓
RPQPMLOLQHPFFDF76EA,坡道平面,1400000,30.19,地下三樓
RPPNMLOLQHPFFEF56EA,坡道平面,0,35.13,地下二樓
RPPVMLPLQHPFFDF37EA,坡道平面,1700000,31.47,地下二樓
RPUNMLOLQHPFFCF86EA,升降機械,0,,地下一樓
RPQNMLLLQHPFFCF78EA,坡道機械,0,,地下二樓
RPQNMLLLQHPFFCF78EA,坡道機械,0,,地下二樓
RPQNMLLLQHPFFCF78EA,坡道機械,0,,地下二樓
RPVNMLOLQHPFFCF96EA,升降平面,0,,地下一樓
RPWOMLOLQHPFFCF17EA,一樓平面,1000000,13.95,一樓
RPPNMLOLQHPFFDF09EA,坡道平面,1500000,36.95,地下三樓
RPPPMLSKQHPFFDF96EA,坡道平面,0,,地下二樓
RPRNMLLLQHPFFIF76DA,坡道平面,0,,地下二樓
RPRNMLPLQHPFFBF56EA,坡道平面,0,41.59,地下二樓
RPRNMLPLQHPFFBF56EA,坡道平面,0,41.59,地下二樓
RPQQMLOLQHPFFBF66EA,坡道平面,2100000,29.71,地下二樓
RPVQMLOLQHPFFBF17EA,坡道平面,1300000,29.72,地下一樓
RPVQMLOLQHPFFBF17EA,坡道平面,1300000,33.00,地下一樓
RPXOMLLLQHPFFIF47DA,坡道平面,1400000,34.81,地下三樓
RPQOMLOLQHPFFIF07DA,坡道平面,0,40.41,地下三樓
RPOPMLNLPHPFFIF76DA,坡道機械,0,24.36,地下三樓
RPSPMLTKQHPFFIF77DA,坡道平面,0,43.74,地下二樓
RPOTMLLLQHPFFHF96DA,坡道平面,0,32.61,地下二樓
RPXOPLTLPHPFFHF38DA,坡道平面,0,41.04,地下三樓
RPRSMLLLQHPFFGF07DA,坡道平面,0,35.68,地下四樓
RPOPMLRKQHPFFGF96DA,坡道平面,0,19.81,地下一樓
RPSOMLOLQHPFFEF86DA,坡道平面,0,33.04,地下三樓
RPSRMLSKQHPFFEF47DA,坡道平面,0,29.20,地下三樓
RPSRMLOLQHPFFEF17DA,坡道平面,0,19.73,地下五樓含以下
RPSRMLOLQHPFFEF17DA,坡道平面,0,19.73,地下五樓含以下
RPWSMLPLQHPFFDF67DA,坡道機械,0,,地下二樓
RPRPMLLLQHPFFDF09DA,坡道平面,0,37.10,地下五樓含以下
RPRPMLLLQHPFFDF09DA,坡道平面,0,37.10,地下五樓含以下
RPTPMLTLPHPFFEF47DA,坡道平面,1450000,30.46,地下三樓
RPTPMLTLPHPFFEF47DA,坡道平面,1450000,30.46,地下三樓
RPUPMLTLPHPFFEF57DA,坡道平面,1450000,30.46,地下三樓
RPUPMLTLPHPFFEF57DA,坡道平面,1450000,30.46,地下三樓
RPXNMLLKQHPFFDF76DA,坡道平面,0,37.10,地下五樓含以下
RPXNMLLKQHPFFDF76DA,坡道平面,0,37.10,地下五樓含以下
SPXNMLLKQHPFFDF86DA,坡道平面,1660000,37.10,地下五樓含以下
TPXNMLLKQHPFFDF96DA,坡道平面,1660000,37.10,地下五樓含以下
RPOQMLKLQHPFFCF68DA,坡道平面,2150000,27.53,地下二樓
RPOOMLLKQHPFFDF58DA,坡道平面,1750000,37.10,地下五樓含以下
RPTPMLKLQHPFFCF09DA,坡道平面,2050000,27.53,地下三樓
RPPQMLKLQHPFFCF78DA,坡道平面,2000000,25.65,地下三樓
SPOOMLLKQHPFFDF68DA,坡道平面,1750000,37.10,地下五樓含以下
RPVPMLKLQHPFFCF66DA,坡道平面,2150000,27.53,地下二樓
TPOOMLLKQHPFFDF78DA,坡道平面,1760000,37.10,地下五樓含以下
RPWPMLKLQHPFFCF76DA,坡道平面,2050000,27.53,地下三樓
RPPOMLLLQHPFFCF68DA,坡道平面,2100000,18.37,地下一樓
RPOOMLLLQHPFFCF58DA,坡道平面,2100000,18.37,地下一樓
RPWNMLLLQHPFFCF66DA,坡道平面,2000000,18.37,地下二樓
RPROMLOLQHPFFBF09DA,坡道平面,1800000,31.65,地下四樓
RPXOMLOLQHPFFBF07DA,升降機械,950000,10.35,地下二樓
RPWOMLOLQHPFFBF96DA,坡道平面,1900000,39.78,地下三樓
RPPPMLOLQHPFFBF98DA,坡道平面,1800000,39.78,地下四樓
RPQPMLOLQHPFFBF09DA,坡道平面,1800000,39.78,地下四樓
RPOPMLOLQHPFFBF88DA,坡道平面,2000000,31.02,地下一樓
RPXNMLOLQHPFFBF96DA,坡道平面,2300000,36.80,地下三樓
RPUQMLLLQHPFFBF66DA,坡道平面,0,,地下二樓
RPUQMLLLQHPFFBF66DA,坡道平面,0,,地下二樓
RPORMLLLQHPFFBF78DA,坡道平面,0,26.94,地下五樓含以下
RPPRMLLLQHPFFBF88DA,坡道平面,1800000,42.53,地下二樓
RPSRMLLLQHPFFBF56DA,坡道平面,1700000,42.53,地下三樓
RPQRMLLLQHPFFBF98DA,坡道平面,1950000,46.43,地下二樓
RPRRMLLLQHPFFBF09DA,坡道平面,0,42.53,地下一樓
RPRRMLLLQHPFFBF09DA,坡道平面,0,42.53,地下一樓
RPVRMLLLQHPFFBF86DA,坡道平面,1950000,46.43,地下二樓
RPWRMLLLQHPFFBF96DA,坡道平面,0,42.53,地下二樓
RPWRMLLLQHPFFBF96DA,坡道平面,0,42.53,地下二樓
RPXRMLLLQHPFFBF07DA,坡道平面,1600000,39.13,地下三樓
RPOSMLLLQHPFFBF88DA,坡道平面,1900000,42.53,地下二樓
RPRSMLLLQHPFFBF56DA,坡道平面,1700000,42.53,地下三樓
RPTSMLLLQHPFFBF76DA,坡道平面,1900000,39.13,地下一樓
RPWSMLLLQHPFFBF07DA,坡道平面,1900000,37.97,地下三樓
RPVWMLKLQHPFFBF27DA,坡道平面,0,34.03,地下二樓
RPVWMLKLQHPFFBF27DA,坡道平面,0,34.03,地下二樓
RPPNMLLLQHPFFBF48DA,坡道平面,1700000,29.11,地下三樓
RPVSMLLLQHPFFBF96DA,坡道平面,1950000,37.97,地下三樓
RPXSMLLLQHPFFBF17DA,坡道平面,2050000,37.97,地下二樓
RPVNMLPLQHPFFBF86DA,坡道平面,1700000,42.53,地下二樓
RPSUMLTKQHPFFBF57DA,坡道平面,1900000,32.30,地下四樓
RPPWMLTKQHPFFBF47DA,坡道平面,2000000,32.30,地下四樓
RPTWMLRKQHPFFBF67DA,坡道平面,2100000,32.30,地下二樓
RPXRMLTKQHPFFBF77DA,坡道平面,2100000,47.58,地下四樓
RPPRMLLKQHPFFBF78DA,坡道平面,0,38.35,地下一樓
RPPRMLLKQHPFFBF78DA,坡道平面,0,38.35,地下一樓
RPXPMLLKQHPFFBF76DA,坡道平面,0,26.93,地下二樓
RPRRMLLKQHPFFBF98DA,坡道平面,0,24.82,地下二樓
RPQNMLMKQHPFFBF58DA,坡道平面,0,,地下三樓
RPOVMLPJQHPFFBF76DA,坡道平面,0,39.13,地下三樓
RPOVMLPJQHPFFBF76DA,坡道平面,0,39.13,地下三樓
RPWQMLMLPHPFFBF86DA,坡道平面,1900000,24.23,地下四樓
RPVOMLPLPHPFFBF86DA,坡道平面,2200000,24.23,地下三樓
RPTSMLSLPHPFFBF37DA,坡道平面,0,35.81,地下二樓
RPSOMLKMPHPFFBF78DA,坡道平面,0,,地下一樓
RPXOMLKMPHPFFBF66DA,坡道平面,0,24.51,地下三樓
RPXOMLKMPHPFFBF66DA,坡道平面,0,26.57,地下三樓
RPVNMLPLQHPFFAF76DA,坡道平面,0,16.85,地下五樓含以下
RPVOMLKLQHPFFAF98DA,坡道平面,1900000,38.35,地下二樓
RPVOMLKLQHPFFAF98DA,坡道平面,1800000,38.35,地下二樓
RPWOMLKLQHPFFAF09DA,坡道平面,1800000,38.35,地下三樓
RPWOMLKLQHPFFAF09DA,坡道平面,1800000,38.35,地下三樓
RPPPMLKLQHPFFAF48DA,坡道平面,1800000,38.35,地下三樓
RPOPMLKLQHPFFAF38DA,坡道平面,1900000,38.35,地下二樓
RPOQMLKLQHPFFAF48DA,坡道平面,0,29.90,地下二樓
RPOQMLKLQHPFFAF48DA,坡道平面,0,29.90,地下二樓
RPWRMLKLQHPFFAF76DA,坡道平面,0,46.92,地下一樓
RPVTMLRKPHPFFAF37DA,坡道平面,0,,地下四樓
RPQPMLMKQHPFFAF68DA,坡道平面,1900000,38.09,地下三樓
RPWPMLOLQHPFFAF96DA,升降機械,0,8.59,地下三樓
RPORMLPLQHPFFAF09DA,坡道平面,1500000,31.61,地下五樓含以下
RPRRMLPLQHPFFAF76DA,坡道平面,1700000,31.61,地下三樓
RPVRMLPLQHPFFAF17DA,坡道平面,1700000,31.61,地下三樓
RPOSMLPLQHPFFAF56DA,坡道平面,1800000,31.61,地下二樓
RPPNMLLJQHPFFBF28DA,坡道平面,0,,地下一樓
RPPNMLLJQHPFFBF28DA,坡道平面,0,,地下一樓
RPQPMLLLPHPFFBF68DA,坡道平面,0,26.04,地下二樓
RPQPMLLLPHPFFBF68DA,坡道平面,0,26.04,地下二樓
RPQQMLOKQHPFFBF09DA,坡道平面,1800000,37.63,地下一樓
RPPPMLOLQHPFFAF88DA,坡道平面,2900000,36.53,地下二樓
RPPPMLOLQHPFFAF88DA,坡道平面,2900000,36.53,地下二樓
RPUNMLOJQHPFFBF09DA,坡道平面,0,16.03,地下三樓
RPWNMLPLQHPFFBF96DA,坡道平面,2000000,42.53,地下一樓
RPPVMLSKQHPFFBF27DA,坡道平面,0,,地下一樓
RPVOMLPLQHPFFBF96DA,坡道平面,2050000,36.01,地下二樓
RPRRMLOLQHPFFBF76DA,坡道平面,0,38.87,地下三樓
RPORMLPLQHPFFBF56DA,坡道平面,0,,地下二樓
RPQRMLPLQHPFFBF76DA,坡道平面,0,36.94,地下三樓
RPQRMLPLQHPFFBF76DA,坡道平面,0,36.94,地下三樓
RPTRMLOLQHPFFBF96DA,坡道平面,0,41.78,地下四樓
RPTTMLQLQHPFFBF37DA,坡道平面,2100000,33.63,地下二樓
RPUPMLLLQHPFFBF56DA,坡道平面,0,,地下二樓
RPQNMLKLQHPFFBF48DA,坡道平面,0,31.46,地下一樓
RPSPMLOLQHPFFBF66DA,坡道平面,0,34.76,地下一樓
RPPPMLOLQHPFFCF09DA,坡道機械,0,28.60,地下二樓
RPTNMLPLQHPFFCF76DA,坡道平面,0,26.42,地下四樓
RPOOMLPLQHPFFCF98DA,坡道平面,0,,地下三樓
RPROMLPLQHPFFCF66DA,坡道平面,0,,地下三樓
RPXPMLKLQHPFFCF86DA,坡道平面,2000000,29.09,地下四樓
RPXPMLKLQHPFFCF86DA,坡道平面,2000000,29.09,地下四樓
RPRUMLPLQHPFFDF37DA,坡道平面,0,24.23,地下二樓
RPWPMLLKQHPFFEF96DA,坡道平面,1950000,37.94,地下四樓
RPUPMLPLQHPFFEF27DA,坡道平面,0,,地下一樓
RPTOMLKLQHPFFEF56DA,坡道平面,0,31.69,地下一樓
RPXOMLOLQHPFFEF37DA,坡道平面,350000,44.05,地下二樓
RPTNMLNLQHPFFEF76DA,坡道平面,0,,地下二樓
RPURMLPLQHPFFEF47DA,坡道平面,0,30.45,地下二樓
RPUNMLNLQHPFFEF86DA,坡道平面,0,,地下三樓
RPXOMLLLQHPFFEF07DA,坡道平面,0,26.54,地下三樓
RPXOMLLLQHPFFEF07DA,坡道平面,0,26.54,地下三樓
RPXOMLLLQHPFFEF07DA,坡道平面,0,26.54,地下三樓
RPPRMLKLQHPFFGF66DA,坡道平面,0,40.22,地下二樓
RPSQMLRKQHPFFGF47DA,坡道平面,2300000,31.05,地下四樓
RPSQMLRKQHPFFGF47DA,坡道平面,2300000,31.05,地下四樓
TPRRMLOLQHPFFGF47DA,坡道機械,0,23.23,地下一樓
TPRRMLOLQHPFFGF47DA,坡道平面,0,31.51,地下一樓
RPRRMLOLQHPFFGF27DA,坡道機械,0,23.23,地下一樓
RPRRMLOLQHPFFGF27DA,坡道機械,0,23.23,地下一樓
RPRRMLOLQHPFFGF27DA,坡道機械,0,23.23,地下一樓
RPPQMLLLQHPFFGF66DA,坡道平面,0,,地下二樓
VPRRMLOLQHPFFGF67DA,坡道平面,0,28.96,地下一樓
RPUPMLPLQHPFFGF47DA,坡道平面,2200000,42.38,地下一樓
RPSQMLPLQHPFFGF37DA,坡道平面,2200000,42.38,地下一樓
RPVPMLPLQHPFFGF57DA,坡道平面,2200000,42.38,地下一樓
RPWPMLPLQHPFFGF67DA,坡道平面,2150000,42.38,地下二樓
RPXPMLPLQHPFFGF77DA,坡道平面,2200000,42.38,地下一樓
RPUQMLPLQHPFFGF57DA,坡道平面,2200000,42.38,地下一樓
RPXQMLPLQHPFFGF87DA,坡道平面,1900000,42.38,地下二樓
RPXRMLSLPHPFFHF28DA,坡道平面,0,,地下一樓
RPORMLPLQHPFFGF07DA,坡道平面,1950000,42.38,地下一樓
RPQPMLPLQHPFFHF17DA,坡道平面,1400000,31.97,地下一樓
RPPOMLOLQHPFFHF86DA,其他,1800000,13.56,
RPVOMLTLPHPFFIF97DA,坡道平面,1300000,38.86,地下一樓
RPVOMLTLPHPFFIF97DA,坡道機械,700000,22.20,地下一樓
RPVOMLTLPHPFFIF97DA,坡道機械,700000,22.20,地下一樓
RPVOMLTLPHPFFIF97DA,坡道平面,1300000,38.86,地下一樓
RPUOMLOLQHPFFHF37DA,一樓平面,0,,一樓
RPUOMLOLQHPFFHF37DA,一樓平面,0,,一樓
RPUOMLOLQHPFFHF37DA,一樓平面,0,,一樓
RPUOMLOLQHPFFHF37DA,一樓平面,0,,一樓
RPUOMLOLQHPFFHF37DA,一樓平面,0,,一樓
RPUOMLOLQHPFFHF37DA,一樓平面,0,,一樓
RPUOMLOLQHPFFHF37DA,一樓平面,0,,一樓
RPUOMLOLQHPFFHF37DA,一樓平面,0,,一樓
RPUOMLOLQHPFFHF37DA,一樓平面,0,,一樓
RPUOMLOLQHPFFHF37DA,一樓平面,0,,一樓
RPUOMLOLQHPFFHF37DA,一樓平面,0,,一樓
RPUOMLOLQHPFFHF37DA,一樓平面,0,,一樓
RPUOMLOLQHPFFHF37DA,一樓平面,0,,一樓
RPUOMLOLQHPFFHF37DA,一樓平面,0,,一樓
RPUOMLOLQHPFFHF37DA,一樓平面,0,,一樓
RPUOMLOLQHPFFHF37DA,一樓平面,0,,一樓
RPUOMLOLQHPFFHF37DA,一樓平面,0,,一樓
RPUOMLOLQHPFFHF37DA,一樓平面,0,,一樓
RPUOMLOLQHPFFHF37DA,一樓平面,0,,一樓
RPUOMLOLQHPFFHF37DA,一樓平面,0,,一樓
RPUOMLOLQHPFFHF37DA,一樓平面,0,,一樓
RPUOMLOLQHPFFHF37DA,一樓平面,0,,一樓
RPUOMLOLQHPFFHF37DA,一樓平面,0,,一樓
RPUOMLOLQHPFFHF37DA,一樓平面,0,,一樓
RPUOMLOLQHPFFHF37DA,一樓平面,0,,一樓
RPUOMLOLQHPFFHF37DA,一樓平面,0,,一樓
RPUOMLOLQHPFFHF37DA,一樓平面,0,,一樓
RPUOMLOLQHPFFHF37DA,一樓平面,0,,一樓
RPUOMLOLQHPFFHF37DA,一樓平面,0,,一樓
RPUOMLOLQHPFFHF37DA,一樓平面,0,,一樓
RPUOMLOLQHPFFHF37DA,一樓平面,0,,一樓
RPUOMLOLQHPFFHF37DA,一樓平面,0,,一樓
RPUOMLOLQHPFFHF37DA,一樓平面,0,,一樓
RPUOMLOLQHPFFHF37DA,一樓平面,0,,一樓
RPUOMLOLQHPFFHF37DA,一樓平面,0,,一樓
RPUOMLOLQHPFFHF37DA,一樓平面,0,,一樓
RPUOMLOLQHPFFHF37DA,一樓平面,0,,一樓
RPUOMLOLQHPFFHF37DA,一樓平面,0,,一樓
RPUOMLOLQHPFFHF37DA,一樓平面,0,,一樓
RPUOMLOLQHPFFHF37DA,一樓平面,0,,一樓
RPUOMLOLQHPFFHF37DA,一樓平面,0,,一樓
RPUOMLOLQHPFFHF37DA,一樓平面,0,,一樓
RPUOMLOLQHPFFHF37DA,一樓平面,0,,一樓
RPUOMLOLQHPFFHF37DA,一樓平面,0,,一樓
RPUOMLOLQHPFFHF37DA,一樓平面,0,,一樓
RPUOMLOLQHPFFHF37DA,一樓平面,0,,一樓
RPUOMLOLQHPFFHF37DA,一樓平面,0,,一樓
RPUOMLOLQHPFFHF37DA,一樓平面,0,,一樓
RPUOMLOLQHPFFHF37DA,一樓平面,0,,一樓
RPUOMLOLQHPFFHF37DA,一樓平面,0,,一樓
RPUOMLOLQHPFFHF37DA,一樓平面,0,,一樓
RPUOMLOLQHPFFHF37DA,一樓平面,0,,一樓
RPUOMLOLQHPFFHF37DA,一樓平面,0,,一樓
RPUOMLOLQHPFFHF37DA,一樓平面,0,,一樓
RPUOMLOLQHPFFHF37DA,一樓平面,0,,一樓
RPUOMLOLQHPFFHF37DA,一樓平面,0,,一樓
RPUOMLOLQHPFFHF37DA,一樓平面,0,,一樓
RPUOMLOLQHPFFHF37DA,一樓平面,0,,一樓
RPUOMLOLQHPFFHF37DA,一樓平面,0,,一樓
RPUOMLOLQHPFFHF37DA,一樓平面,0,,一樓
RPVPMLKLQHPFFHF17DA,坡道機械,0,16.78,地下三樓
RPWOMLSKQHPFFHF87DA,坡道平面,2300000,39.89,二樓含以上
RPUNMLKLQHPFFHF86DA,坡道平面,0,15.22,地下二樓
RPSTMLLLPHPFFIF37DA,坡道機械,0,14.95,地下一樓
RPUNMLTLPHPFFIF77DA,坡道平面,0,40.77,地下一樓
RPXNMLSJQHPFFIF87DA,坡道平面,1400000,30.31,地下一樓
RPRPMLNKQHPFFIF07DA,坡道平面,1200000,30.31,地下三樓
RPOPMLOLQHPFFIF96DA,坡道平面,0,36.93,地下二樓
RPTPMLLLQHPFFIF17DA,坡道平面,1300000,30.31,地下二樓
RPQPMLLLQHPFFIF86DA,坡道平面,1050000,30.31,地下二樓
RPWPMLLLQHPFFIF47DA,坡道平面,1300000,30.31,地下二樓
RPXPMLLLQHPFFIF57DA,坡道平面,1200000,30.31,地下三樓
RPTOMLPLQHPFFIF47DA,坡道平面,0,30.02,地下一樓
RPVPMLLLQHPFFIF37DA,坡道平面,1150000,30.31,地下二樓
RPOQMLLLQHPFFIF76DA,坡道平面,1300000,30.31,地下一樓
RPROMLPLQHPFFIF27DA,坡道平面,0,27.32,地下三樓
RPPNMLOLQHPFFAF78EA,坡道機械,1800000,12.64,地下四樓
RPXNMLOLQHPFFIF67DA,坡道平面,0,,地下一樓
RPTQMLPLQHPFFBF07EA,坡道平面,0,,地下二樓
RPRSMLPLQHPFFAF96EA,坡道平面,1800000,33.05,地下三樓
RPSNMLPLQHPFFCF76EA,坡道平面,0,26.86,地下三樓
RPTNMLPLQHPFFEF07EA,坡道平面,1200000,26.54,地下二樓
RPTNMLPLQHPFFEF07EA,坡道平面,1200000,26.54,地下二樓
RPUNMLPLQHPFFEF17EA,坡道平面,1200000,35.17,地下三樓
RPXUMLPLQHPFFDF08EA,坡道平面,1200000,,地下一樓
RPPPMLOLQHPFFDF66EA,坡道平面,0,,地下一樓
RPPPMLOLQHPFFDF66EA,坡道平面,0,,地下一樓
RPPPMLOLQHPFFDF66EA,坡道平面,0,,地下一樓
RPPPMLOLQHPFFDF66EA,坡道平面,0,,地下一樓
RPQNMLOLQHPFFGF86EA,塔式車位,1300000,8.33,
RPWOMLQLQHPFFDF47EA,坡道平面,0,,地下一樓
RPSNMLPLQHPFFHF27EA,坡道平面,2000000,37.71,地下三樓
RPTNMLOLQHPFFGF17EA,坡道平面,2000000,35.31,地下三樓
RPTOMLOLQHPFFGF27EA,坡道機械,1500000,14.91,地下一樓
RPTNMLPLQHPFFHF37EA,坡道平面,0,36.98,地下二樓
RPRNMLPLQHPFFHF17EA,坡道平面,2000000,37.71,地下三樓
RPQNMLPLQHPFFHF07EA,坡道平面,2000000,37.71,地下三樓
RPROMLOLQHPFFHF17EA,坡道平面,1900000,33.57,地下二樓
RPTPMLOLQHPFFHF47EA,坡道平面,1740000,43.83,地下四樓
RPROMLPLQHPFFIF37EA,坡道機械,1100000,10.79,地下二樓
RPOOMLSLQHPFFIF37EA,坡道平面,0,24.81,地下二樓
RPSQMLQLQHPFFHF67EA,坡道平面,2500000,35.65,地下二樓
RPQNMLRLQHPFFHF27EA,其他,1800000,16.40,
RPRNMLLLQHPFFHF76EA,坡道平面,1750000,39.69,地下一樓
RPRNMLRLQHPFFHF37EA,其他,1800000,16.40,
RPXNMLQLQHPFFIF97EA,坡道機械,0,26.16,地下二樓
RPROMLQLQHPFFIF47EA,坡道平面,0,32.56,地下一樓
RPPOMLQLQHPFFGF07EA,坡道機械,0,,地下二樓
RPPOMLPLQHPFFGF96EA,坡道平面,0,,地下一樓
RPUOMLRLQHPFFDF37EA,坡道平面,1800000,37.10,地下五樓含以下
RPVUMLPLQHPFFDF87EA,坡道平面,0,35.55,地下四樓
RPUNMLQLQHPFFCF07EA,坡道平面,1400000,26.88,地下三樓
RPTVMLPLQHPFFDF77EA,坡道平面,880000,24.75,地下一樓
RPVNMLRLQHPFFDF37EA,塔式車位,0,13.23,
RPQVMLPLQHPFFDF47EA,坡道平面,1050000,42.08,地下五樓含以下
RPQSMLQLQHPFFBF07EA,坡道平面,2000000,30.90,地下四樓
RPROMLRLQHPFFCF96EA,坡道平面,0,,地下二樓
RPPRMLPLQHPFFAF66EA,坡道平面,1050000,47.88,地下一樓
RPSQMLQLQHPFFAF96EA,坡道平面,0,26.43,地下三樓
RPWNMLPLQHPFFIF67DA,坡道平面,0,36.32,地下一樓
RPQNMLOLQHPFFIF96DA,坡道平面,0,39.03,地下四樓
RPXNMLPLQHPFFIF77DA,坡道平面,0,36.32,地下二樓
RPPQMLRLQHPFFHF37DA,坡道平面,2400000,33.62,地下一樓
RPVNMLKLQHPFFHF96DA,坡道平面,1700000,35.78,地下五樓含以下
RPRNMLRKQHPFFHF17DA,坡道平面,2050000,36.06,地下一樓
RPRPMLNJQHPFFIF96DA,坡道平面,0,39.03,地下五樓含以下
RPUPMLPLQHPFFHF57DA,坡道平面,0,26.58,地下四樓
RPPOMLOKQHPFFHF76DA,坡道平面,1800000,35.78,地下五樓含以下
RPTNMLRKQHPFFHF37DA,坡道平面,2490000,36.06,一樓
RPTRMLPLQHPFFGF57DA,坡道平面,1900000,42.38,地下二樓
RPWRMLPLQHPFFGF87DA,坡道平面,2200000,42.38,地下一樓
RPURMLPLQHPFFGF67DA,坡道平面,2150000,42.38,地下二樓
RPOQMLPLQHPFFGF96DA,坡道平面,2200000,42.38,地下一樓
RPPQMLPLQHPFFGF07DA,坡道平面,2150000,42.38,地下二樓
RPQQMLPLQHPFFGF17DA,坡道平面,2150000,42.38,地下二樓
RPPUMLKLQHPFFGF96DA,升降機械,0,13.22,地下二樓
RPUOMLPLQHPFFGF37DA,升降機械,0,5.32,一樓
RPSRMLOLQHPFFGF37DA,坡道平面,0,36.34,地下一樓
RPWPMLLLQHPFFEF07DA,坡道平面,0,,地下一樓
RPOPMLOLQHPFFEF56DA,坡道平面,0,24.57,地下三樓
RPTOMLQLQHPFFEF17DA,坡道平面,0,29.61,地下三樓
RPTOMLQLQHPFFEF17DA,坡道平面,0,29.61,地下三樓
RPWOMLRLQHPFFEF57DA,坡道平面,0,34.54,地下三樓
RPSNMLQLQHPFFDF86DA,坡道平面,0,28.16,地下二樓
RPWQMLOLQHPFFEF47DA,坡道平面,0,29.99,地下一樓
RPXOMLRLQHPFFDF57DA,坡道平面,0,31.51,地下五樓含以下
RPXOMLRLQHPFFDF57DA,坡道平面,0,31.51,地下五樓含以下
RPSOMLPLQHPFFCF76DA,坡道平面,0,,地下二樓
RPSOMLPLQHPFFCF76DA,坡道平面,0,,地下四樓
RPSOMLPLQHPFFCF76DA,坡道平面,0,,地下四樓
RPSOMLPLQHPFFCF76DA,坡道平面,0,,地下四樓
RPSOMLPLQHPFFCF76DA,坡道平面,0,,地下四樓
RPSOMLPLQHPFFCF76DA,坡道平面,0,,地下四樓
RPSOMLPLQHPFFCF76DA,坡道平面,0,,地下四樓
RPSOMLPLQHPFFCF76DA,坡道平面,0,,地下四樓
RPSOMLPLQHPFFCF76DA,坡道平面,0,,地下四樓
RPROMLMKQHPFFDF98DA,坡道平面,0,24.75,地下一樓
RPQOMLLLQHPFFBF68DA,坡道平面,0,25.08,地下三樓
RPVNMLOKQHPFFCF76DA,坡道平面,1700000,38.18,地下二樓
RPXNMLOKQHPFFCF96DA,坡道平面,1700000,52.45,地下一樓
RPPOMLOKQHPFFCF88DA,坡道平面,1700000,52.45,地下一樓
RPOQMLQKPHPFFCF09DA,坡道平面,0,,地下一樓
RPOQMLQKPHPFFCF09DA,坡道平面,0,,地下一樓
RPQNMLOKQHPFFCF88DA,坡道平面,1700000,38.18,地下二樓
RPWNMLRKQHPFFCF17DA,坡道平面,0,44.06,地下一樓
RPWNMLRKQHPFFCF17DA,坡道平面,0,43.29,地下一樓
RPOOMLRLQHPFFBF09DA,坡道平面,0,29.89,地下二樓
RPOQMLQLQHPFFBF56DA,坡道平面,0,35.25,地下三樓
RPUNMLQLQHPFFBF86DA,坡道平面,1600000,28.25,地下三樓
RPPNMLQLQHPFFBF98DA,坡道平面,0,23.17,地下二樓
RPPRMLPLQHPFFBF66DA,坡道平面,1800000,29.41,地下二樓
RPSPMLPLQHPFFAF66DA,坡道平面,2200000,25.38,地下五樓含以下
RPVPMLMKQHPFFBF66DA,坡道平面,0,30.88,地下二樓
RPXVMLOKQHPFFAF57DA,坡道平面,0,29.60,地下三樓
RPUNMLRLQHPFFDF27EA,坡道平面,1900000,23.32,地下一樓
RPSNMLRLQHPFFDF07EA,坡道平面,1900000,23.32,地下一樓
RPTNMLRLQHPFFDF17EA,坡道平面,1800000,23.32,地下二樓
RPROMLRLQHPFFDF07EA,坡道平面,0,30.77,地下一樓
RPSOMLRLQHPFFDF17EA,坡道平面,1500000,30.19,地下二樓
RPUNMLMKQHPFFHF07EA,升降平面,1100000,31.05,地下一樓
RPTPMLRLQHPFFEF47EA,坡道平面,1000000,28.28,地下二樓
RPQNMLRLQHPFFEF96EA,坡道平面,1000000,27.66,地下三樓
RPTNMLQLQHPFFIF47DA,坡道平面,0,45.67,地下三樓
RPUOMLPLQHPFFIF57DA,坡道機械,0,16.02,地下三樓
RPVNMLRLQHPFFEF47EA,坡道平面,0,27.59,地下三樓
RPQNMLSLQHPFFEF07EA,坡道平面,0,,地下一樓
RPOPMLRLQHPFFCF76EA,坡道平面,0,30.14,地下一樓
RPWNMLRLQHPFFBF27EA,坡道平面,2200000,48.13,地下一樓
RPQQMLRLQHPFFBF96EA,坡道平面,0,,地下二樓
SPWNMLRLQHPFFBF37EA,坡道平面,0,48.13,地下三樓
SPWNMLRLQHPFFBF37EA,坡道平面,0,48.13,地下三樓
RPPQMLRLQHPFFBF86EA,坡道平面,1500000,41.39,地下一樓
RPTQMLRLQHPFFBF27EA,坡道平面,1500000,41.78,地下五樓含以下
RPPSMLQLQHPFFBF96EA,塔式車位,1200000,12.45,
RPWQMLRLQHPFFEF77DA,坡道平面,1350000,33.30,地下三樓
RPWQMLRLQHPFFEF77DA,坡道平面,1350000,33.30,地下三樓
RPUQMLRLQHPFFEF57DA,坡道平面,1050000,26.82,地下三樓
RPUOMLSLQHPFFEF47DA,坡道平面,1350000,30.71,地下四樓
RPVOMLSLQHPFFEF57DA,坡道平面,950000,30.71,地下四樓
RPQPMLQLQHPFFEF96DA,坡道平面,0,,地下二樓
RPQPMLQLQHPFFEF96DA,坡道平面,0,,地下二樓
RPSOMLRLQHPFFEF17DA,坡道平面,0,33.80,地下二樓
RPTRMLRLQHPFFGF77DA,坡道平面,0,20.97,地下一樓
RPOQMLQLQHPFFHF17DA,塔式車位,760000,1.49,
RPQQMLRLQHPFFHF47DA,坡道平面,2400000,33.62,地下一樓
RPPTMLQLQHPFFAF86DA,坡道平面,0,38.21,地下一樓
RPQNMLOJPHPFFBF58DA,坡道平面,0,22.73,地下一樓
RPRNMLOKPHPFFBF78DA,坡道平面,1700000,41.89,地下四樓
RPRTMLPLQHPFFAF96DA,坡道平面,1700000,31.61,地下三樓
RPOQMLPLQHPFFAF98DA,坡道平面,1700000,27.27,地下五樓含以下
RPOSMLKMPHPFFBF78DA,坡道平面,0,27.05,地下一樓
RPXUMLSKQHPFFBF97DA,坡道平面,1950000,29.12,地下三樓
RPTNMLNKQHPFFBF98DA,坡道平面,2700000,44.62,地下一樓
RPXPMLPLQHPFFBF27DA,坡道平面,2500000,38.49,地下一樓
RPVUMLSKQHPFFBF77DA,坡道平面,2150000,29.12,地下一樓
RPRNMLQLQHPFFBF56DA,坡道平面,2200000,23.82,地下一樓
RPUSMLQLQHPFFBF37DA,坡道平面,0,26.60,地下二樓
RPVNMLTKQHPFFBF17DA,坡道平面,950000,16.66,地下三樓
RPVOMLTKQHPFFBF27DA,坡道平面,0,21.84,地下二樓
RPXUMLQLQHPFFBF87DA,坡道平面,0,,地下一樓
RPXUMLQLQHPFFBF87DA,坡道平面,0,,地下一樓
RPXUMLQLQHPFFBF87DA,坡道平面,0,,地下一樓
RPXUMLQLQHPFFBF87DA,坡道平面,0,,地下一樓
RPXUMLQLQHPFFBF87DA,坡道平面,0,,地下一樓
RPPUMLQLQHPFFBF07DA,坡道平面,0,26.79,地下二樓
RPQPMLRLQHPFFBF76DA,坡道平面,2500000,44.62,地下二樓
RPWPMLRLQHPFFBF37DA,坡道平面,0,,地下二樓
RPTPMLRLQHPFFBF07DA,坡道平面,0,,地下一樓
RPQNMLSLQHPFFBF66DA,坡道平面,0,,地下二樓
RPVRMLRLQHPFFBF47DA,坡道平面,0,26.55,地下三樓
RPVNMLOLPHPFFCF76DA,坡道平面,2850000,21.05,地下五樓含以下
RPSNMLKMPHPFFCF78DA,坡道平面,2550000,21.05,地下五樓含以下
RPOQMLRLQHPFFBF66DA,坡道平面,1450000,34.03,地下三樓
RPTOMLLLQHPFFBF98DA,坡道平面,1950000,29.12,地下三樓
RPSPMLTLPHPFFCF17DA,坡道平面,3150000,25.45,地下四樓
RPROMLPJQHPFFCF09DA,坡道平面,2750000,21.05,地下五樓含以下
RPUOMLPJQHPFFCF76DA,坡道平面,2950000,21.05,地下四樓
RPWQMLOLQHPFFBF17DA,坡道平面,0,19.47,地下一樓
RPTOMLOLQHPFFBF66DA,坡道平面,0,26.21,地下五樓含以下
RPTNMLSLQHPFFCF07DA,坡道平面,0,,地下二樓
RPQPMLRLQHPFFCF86DA,坡道平面,0,16.02,地下一樓
RPXOMLTKQHPFFDF67DA,坡道平面,0,,地下一樓
RPUNMLSLQHPFFCF17DA,坡道平面,2050000,27.53,地下三樓
RPVNMLSLQHPFFCF27DA,坡道平面,2150000,27.53,地下二樓
RPROMLSLQHPFFCF96DA,坡道平面,2000000,23.77,地下一樓
RPWNMLSJPHPFFEF27DA,坡道機械,800000,15.23,地下五樓含以下
RPUPMLSKQHPFFEF47DA,坡道平面,1100000,30.10,地下三樓
RPPQMLTKQHPFFEF17DA,坡道平面,0,,地下一樓
RPQOMLNKQHPFFEF09DA,坡道平面,1300000,30.10,地下二樓
RPQOMLNKQHPFFEF09DA,坡道平面,1100000,30.10,地下二樓
RPTOMLTLPHPFFEF37DA,坡道機械,800000,15.23,地下五樓含以下
RPOQMLSKQHPFFEF96DA,坡道平面,1200000,26.13,地下二樓
RPTNMLSLQHPFFHF67EA,坡道平面,0,29.09,地下一樓
RPPPMLSLQHPFFHF47EA,坡道機械,1500000,14.31,地下四樓
RPUPMLLLQHPFFDF76DA,坡道平面,0,18.55,地下五樓含以下
RPUPMLLLQHPFFDF76DA,坡道平面,0,18.55,地下五樓含以下
RPUPMLLLQHPFFDF76DA,坡道平面,0,18.55,地下五樓含以下
RPUPMLLLQHPFFDF76DA,坡道平面,0,18.55,地下五樓含以下
RPUPMLLLQHPFFDF76DA,坡道平面,0,18.55,地下五樓含以下
RPUPMLLLQHPFFDF76DA,坡道平面,0,18.55,地下五樓含以下
RPUPMLLLQHPFFDF76DA,坡道平面,0,18.55,地下五樓含以下
RPUPMLLLQHPFFDF76DA,坡道平面,0,18.55,地下五樓含以下
RPUPMLLLQHPFFDF76DA,坡道平面,0,18.55,地下五樓含以下
RPUPMLLLQHPFFDF76DA,坡道平面,0,18.55,地下五樓含以下
RPUPMLLLQHPFFDF76DA,坡道平面,0,18.55,地下五樓含以下
RPUPMLLLQHPFFDF76DA,坡道平面,0,18.55,地下五樓含以下
RPVOMLLMQHPFFIF47EA,坡道平面,0,14.21,地下二樓
